0,1,2,3,4,5,6,7,8,9,10,11,12,13,14,15,16,17,18,19,20,21,22,23,24,25,26,27,28,29,30,31,32,33,34,35,36,37,38,39,40,41,42,43,44,45,46,47,48,49,50,51,52,53,54,55,56,57,58,59,60,61,62,63,64,65,66,67,68,69,70,71,72,73,74,75,76,77,78,79,80,81,82,83,84,85,86,87,88,89,90,91,92,93,94,95,96,97,98,99,100,101,102,103,104,105,106,107,108,109,110,111,112,113,114,115,116,117,118,119,120,121,122,123,124,125,126,127,128,129,130,131,132,133,134,135,136,137,138,139,140,141,142,143,144,145,146,147,148,149,150,151,152,153,154,155,156,157,158,159,160,161,162,163,164,165,166,167,168,169,170,171,172,173,174,175,176,177,178,179,180,181,182,183,184,185,186,187,188,189,190,191,192,193,194,195,196,197,198,199
,,,,,,,,,,,,,,,,,,,,,,,,,,,,,,,,,,,,,,,,,,,,,,,,,,,,,,,,,,,,,,,,,,,,,,,,,,,,,,,,,,,,,,,,,,,,,,,,,,,,,,,,,,,,,,,,,,,,,,,,,,,,,,,,,,,,,,,,,,,,,,,,,,,,,,,,,,,,,,,,,,,,,,,,,,,,,,,,,,,,,,,,,,,,,,,,,,,,,,,
0.1674949,0.31461826,0.39339313,0.43155536,0.46684316,0.493736,0.52413595,0.5608979,0.589906,0.60583156,0.6199537,0.6335373,0.6420594,0.6522468,0.66041,0.669807,0.67710215,0.6865178,0.7073061,0.71652156,0.7217099,0.7287904,0.7330748,0.7376355,0.742262,0.7461651,0.7497613,0.75361514,0.75762546,0.76233333,0.76540947,0.7688061,0.7730557,0.77668405,0.7800017,0.7825968,0.78487986,0.7876404,0.79068583,0.79328674,0.7953126,0.7975614,0.7994107,0.8021236,0.8045635,0.806905,0.80920786,0.8113608,0.8135289,0.81540155,0.81687105,0.81878793,0.82030827,0.8216957,0.82378334,0.8252832,0.8269937,0.82889,0.83018565,0.83155125,0.83293957,0.83427566,0.83556175,0.8366374,0.8377431,0.8388766,0.83998185,0.8411087,0.842095,0.84336025,0.84445316,0.8452817,0.8467505,0.8479055,0.84882975,0.8498899,0.85116696,0.8519097,0.8532477,0.8540677,0.85479856,0.8563104,0.85746336,0.85812616,0.85914415,0.8600546,0.8611033,0.86200184,0.86259985,0.86328983,0.86397153,0.86462617,0.86566776,0.8662989,0.86746347,0.86825216,0.8688603,0.86938524,0.8701589,0.87088597,0.87204653,0.872591,0.87308407,0.8738781,0.8745524,0.87503815,0.8757249,0.8762094,0.8768275,0.87757206,0.87832177,0.8790963,0.8795952,0.8801988,0.88076496,0.88126636,0.88183093,0.88231367,0.88288385,0.88334256,0.88374823,0.884256,0.88474107,0.8851978,0.88569474,0.8861278,0.88659614,0.88698226,0.8874703,0.8879401,0.8884304,0.88896453,0.8893891,0.88976794,0.8902676,0.8906159,0.8910033,0.8913705,0.8916771,0.89202684,0.89233595,0.8929292,0.89330685,0.89378935,0.8942089,0.89468914,0.8950716,0.8954295,0.8959321,0.89624655,0.8968233,0.8973042,0.8979321,0.8982307,0.8986485,0.89894736,0.8993404,0.89974284,0.9001925,0.9005063,0.9008324,0.9011402,0.9015462,0.901834,0.9021589,0.9027607,0.9030596,0.90341866,0.90368956,0.9040004,0.9043005,0.90453696,0.90480673,0.90504473,0.9053142,0.9055912,0.90586996,0.90619016,0.9065706,0.9070145,0.9072595,0.90756685,0.90786266,0.90810937,0.9083595,0.9086151,0.90887636,0.9091427,0.9093727,0.9097592,0.9100282,0.9103171,0.91061676,0.91084117,0.9111099,0.9113695,0.9115912,0.91183853,0.9121871,0.91253114
0.09387699,0.19547977,0.24589908,0.25788546,0.28196296,0.29631165,0.30834338,0.32101962,0.33181146,0.34333682,0.35634795,0.36559182,0.37382388,0.38353544,0.3915477,0.40002155,0.40776092,0.41451052,0.42464757,0.42993018,0.43381456,0.4397235,0.4440068,0.44879702,0.45292217,0.45629734,0.46359825,0.46711868,0.4697866,0.47262138,0.47554976,0.4788989,0.48137587,0.48457655,0.48761305,0.49112248,0.49353656,0.49622577,0.49853814,0.5004761,0.5033998,0.5052834,0.5072944,0.5093429,0.5111408,0.5130474,0.51488185,0.5170889,0.51909614,0.5211509,0.52283293,0.52448976,0.52628523,0.52761585,0.5292861,0.53098166,0.5326243,0.5342658,0.53585196,0.5378225,0.53908163,0.5422405,0.5435869,0.54610115,0.54731923,0.5484952,0.5497205,0.55072796,0.5516955,0.55285656,0.55423766,0.5554255,0.55631757,0.5576364,0.5589231,0.5600741,0.5615192,0.5628424,0.5644097,0.56567514,0.5664045,0.5681396,0.5694816,0.5706552,0.57173926,0.5728996,0.5737461,0.5747391,0.57586414,0.5774352,0.5789321,0.5797739,0.58085304,0.58204216,0.58290577,0.5845591,0.58602357,0.5868297,0.58807015,0.5889054,0.59001315,0.59087473,0.5917568,0.59248346,0.5933753,0.5943248,0.5952996,0.59604794,0.5969575,0.59784764,0.59890187,0.5994796,0.6004314,0.60100144,0.601716,0.6023809,0.603269,0.6038551,0.6046114,0.6066416,0.6074845,0.6082887,0.6091278,0.6098086,0.61073583,0.6113301,0.61271745,0.6135918,0.6143296,0.61507744,0.6158134,0.61654156,0.6177051,0.6188446,0.6193953,0.6207745,0.62138397,0.6219429,0.6230134,0.62362474,0.6244478,0.6250016,0.625606,0.6266714,0.6271541,0.62834513,0.6292712,0.6300877,0.63070273,0.6311701,0.63176125,0.6324454,0.6333068,0.63407785,0.6346269,0.6351897,0.6357811,0.6364774,0.63707125,0.63753164,0.63806313,0.6387438,0.6392226,0.63982147,0.6402856,0.64070815,0.6412118,0.64174104,0.6421767,0.6428177,0.64336246,0.6441686,0.644542,0.6452074,0.64580274,0.647144,0.64756566,0.6481828,0.64868706,0.64925003,0.64972174,0.6505507,0.65138674,0.65195465,0.65245163,0.6533447,0.65413564,0.65487593,0.6553174,0.65584654,0.6567611,0.6575704,0.6579285,0.6590934,0.6596942,0.6604262,0.6611398,0.6622362,0.66331553,0.66377175
0.059825584,0.103303336,0.18585487,0.19916171,0.2125576,0.22226126,0.22867855,0.23608376,0.24088155,0.246718,0.25344777,0.26379853,0.27034912,0.27710205,0.28230825,0.28735644,0.29244506,0.29742005,0.30528802,0.3104208,0.3139857,0.32123518,0.32508475,0.3287568,0.33209014,0.33415154,0.3363094,0.33919483,0.34146377,0.3437106,0.34849855,0.35179517,0.35361356,0.35646394,0.35849583,0.3605924,0.36329186,0.3650181,0.36710957,0.36948457,0.37208396,0.37356004,0.37568194,0.37715334,0.37869805,0.3802402,0.38216645,0.3838251,0.385075,0.3860939,0.38792902,0.3893979,0.3913363,0.39305505,0.3945235,0.39615604,0.39795882,0.3991,0.40036634,0.40147054,0.40235236,0.40423334,0.40512368,0.4061471,0.40746316,0.40986365,0.41167215,0.4128084,0.41410103,0.4157647,0.4171321,0.4178975,0.41907212,0.4197923,0.42067182,0.42174357,0.42247123,0.42337367,0.42505544,0.42613047,0.42729878,0.4283355,0.4291526,0.43035895,0.43144095,0.43227404,0.433654,0.43502668,0.4369304,0.43833324,0.4399699,0.44206586,0.4437427,0.4446574,0.44623083,0.44817618,0.44904402,0.45069587,0.4513617,0.4521849,0.45342952,0.4542951,0.45509952,0.45595476,0.45658058,0.4572223,0.45777452,0.45910957,0.4598518,0.46057746,0.4615746,0.46300176,0.4641536,0.4648199,0.46641734,0.46743524,0.46827102,0.46902594,0.46979564,0.4704237,0.47218224,0.47322723,0.4745405,0.47518656,0.47601953,0.47663042,0.4772112,0.47792104,0.47860652,0.47946686,0.48046774,0.48172694,0.48295137,0.484163,0.4846045,0.48513833,0.48579934,0.48630768,0.4867917,0.48801985,0.48874325,0.48926222,0.49020162,0.49106553,0.4916157,0.4922638,0.49283832,0.49336705,0.49449,0.49508372,0.4957005,0.4964024,0.49712113,0.49769104,0.49906954,0.49965537,0.50084835,0.50176543,0.5025307,0.50294167,0.50358194,0.50398284,0.50448906,0.50496584,0.5056948,0.506682,0.5085147,0.50901943,0.51069194,0.51175594,0.51215297,0.51304734,0.51434153,0.51500314,0.51550764,0.51591855,0.5164941,0.5169317,0.51766396,0.51885885,0.51940477,0.52028775,0.52080953,0.52119297,0.5215677,0.522238,0.5229192,0.523322,0.52368397,0.52481717,0.52544314,0.5261658,0.5268937,0.5279811,0.5284442,0.52904725,0.53053397,0.53105533,0.5316174,0.53227776
0.07154338,0.121871635,0.16867593,0.19423297,0.2081108,0.22082406,0.23408581,0.24356914,0.25458834,0.25998986,0.26617324,0.2708557,0.27473933,0.28025028,0.28517622,0.2886964,0.2931532,0.29920846,0.30268362,0.30919224,0.3124778,0.31709066,0.32085216,0.32385322,0.32761562,0.33120298,0.33510348,0.33777544,0.3405839,0.34275395,0.3452309,0.34771764,0.35173562,0.35602763,0.3588226,0.36083898,0.36230618,0.36404952,0.3668644,0.36856598,0.3704223,0.37262642,0.37404236,0.3757797,0.37773103,0.37954998,0.38264313,0.38427073,0.38715768,0.3900453,0.39128166,0.39306688,0.39455548,0.39658606,0.39856687,0.40017608,0.40154064,0.40302134,0.4050283,0.40647677,0.40767318,0.40894455,0.41011655,0.4110338,0.41238654,0.41460562,0.41563562,0.41724393,0.41814512,0.41931534,0.42023888,0.42173153,0.42290267,0.42401603,0.42505252,0.42564556,0.42744178,0.42891338,0.4297681,0.4322053,0.43318355,0.4339603,0.43508217,0.43606234,0.4372069,0.4380833,0.43886355,0.44010898,0.44093937,0.44256154,0.44679624,0.44748828,0.44834927,0.44933677,0.450186,0.45081922,0.4518436,0.4525836,0.4533275,0.45434895,0.4551257,0.45571777,0.4563277,0.45697865,0.45763546,0.45845532,0.45942682,0.46030542,0.46185347,0.46308476,0.46376956,0.4646228,0.46534204,0.46634674,0.4668746,0.46741775,0.46873587,0.4700173,0.47067884,0.47120452,0.47201768,0.4731746,0.4736858,0.47465158,0.47534126,0.47629687,0.4769639,0.4780432,0.4788652,0.47984692,0.48054722,0.4815964,0.48276842,0.48341894,0.48404685,0.48480877,0.48618025,0.4867668,0.48734173,0.48827133,0.48875156,0.4893918,0.4899296,0.4910907,0.49176827,0.49228427,0.4927917,0.49355495,0.49548578,0.49678847,0.4979372,0.49859458,0.4994963,0.5001372,0.50093126,0.50155646,0.5022086,0.50289255,0.5037264,0.50430745,0.5052762,0.5058932,0.506442,0.50698215,0.50792634,0.50960475,0.5104119,0.5111408,0.51168376,0.5122227,0.51281315,0.5133862,0.51392263,0.5146263,0.515071,0.5165135,0.51709694,0.5175125,0.5181416,0.5187622,0.519338,0.51979715,0.5207004,0.5211679,0.5219512,0.52234435,0.5230913,0.5238719,0.5245306,0.525055,0.5254584,0.5266645,0.52734715,0.52814,0.5287417,0.52918833,0.5295369,0.5300384,0.5306802,0.53101087
0.08742972,0.1265938,0.17021018,0.19970372,0.21277873,0.22664477,0.23770203,0.24879113,0.25714457,0.26618725,0.27653775,0.28523073,0.29158065,0.3014404,0.30555862,0.3084375,0.31357872,0.31853122,0.3215905,0.3258703,0.3297503,0.33607408,0.33908457,0.3431199,0.34649456,0.34923875,0.3529143,0.35519293,0.35734996,0.35964862,0.3625665,0.365019,0.36759743,0.37090346,0.37463552,0.37906164,0.3810981,0.3828459,0.38843128,0.39029872,0.3925739,0.3960101,0.39838722,0.40147823,0.4027687,0.40447313,0.40585476,0.40787455,0.40919554,0.4107984,0.41224796,0.41512558,0.41676244,0.41807124,0.41916734,0.4205548,0.42180887,0.423427,0.42490938,0.42628083,0.42831782,0.4298849,0.43235108,0.43384835,0.43534398,0.4367543,0.43787748,0.4391727,0.44161198,0.44270763,0.44383734,0.44506854,0.44623283,0.4474008,0.44839332,0.44943082,0.45059255,0.45165747,0.45267385,0.45394987,0.45470324,0.45592842,0.4566686,0.45790917,0.45888758,0.4602106,0.4610823,0.4622169,0.46296176,0.46445662,0.46544713,0.46635202,0.46714503,0.46803838,0.46875048,0.46962005,0.47052914,0.47178918,0.47306412,0.47383305,0.47477686,0.47571248,0.4777375,0.47857568,0.47949004,0.48072118,0.48202175,0.48286408,0.48363394,0.48459122,0.4853175,0.487544,0.4883421,0.4896891,0.49067557,0.49161106,0.4926179,0.49350184,0.4940389,0.4950822,0.4957503,0.496415,0.49694496,0.49769667,0.4992904,0.5010189,0.501685,0.50234365,0.5030681,0.5037831,0.5050848,0.50558823,0.5067116,0.507351,0.5081895,0.5089247,0.5095954,0.5101363,0.51175576,0.512763,0.5136274,0.51425886,0.51476806,0.515707,0.5163836,0.5168723,0.5173159,0.5181309,0.51869255,0.5193354,0.5209936,0.5215464,0.5224694,0.5230738,0.52368313,0.5242436,0.5252144,0.5259479,0.5266807,0.52714574,0.5276795,0.52844226,0.528961,0.5296219,0.5302833,0.5313997,0.5325077,0.53307784,0.5338071,0.53463227,0.53543305,0.53589725,0.5363572,0.5367944,0.5385408,0.5391669,0.5405015,0.5414097,0.54191524,0.5427731,0.5434155,0.543893,0.5443022,0.5447686,0.5454996,0.54594004,0.5467206,0.5472425,0.5478192,0.5494164,0.5497992,0.5502189,0.55076754,0.5511423,0.55147064,0.5520181,0.5530402,0.55351704,0.5541535,0.5548894
0.11759288,0.16851917,0.20547765,0.23305947,0.25683174,0.2700647,0.28467628,0.29706806,0.30687428,0.31884298,0.3272479,0.33435678,0.34166062,0.34679118,0.3528963,0.35917544,0.366396,0.37293062,0.37589437,0.38013738,0.38364336,0.3880595,0.3921132,0.39481628,0.40041158,0.40504292,0.408228,0.4116427,0.4135889,0.4160102,0.4184254,0.42065337,0.42756876,0.4295206,0.433192,0.43515924,0.43656263,0.44021398,0.44172588,0.44359854,0.44540748,0.4468443,0.44899058,0.4511857,0.4529567,0.455925,0.4580162,0.4600012,0.46166757,0.46287844,0.46514452,0.4671302,0.4685994,0.4700989,0.4716783,0.47327697,0.4749406,0.47608647,0.4770202,0.4788842,0.4805387,0.48210672,0.48322803,0.4843839,0.4856638,0.48692995,0.48796666,0.48905307,0.49124077,0.49237522,0.4934453,0.49468294,0.4956633,0.49710006,0.49803331,0.4993298,0.5007372,0.50161964,0.50293773,0.50407284,0.5049173,0.50624305,0.50774103,0.508883,0.50961584,0.51131743,0.5123086,0.5132227,0.5142937,0.5151897,0.51584274,0.5169122,0.51773214,0.5184318,0.5195808,0.5205141,0.52114296,0.52218014,0.5234572,0.5245519,0.5252317,0.5259352,0.5274761,0.52814865,0.5290089,0.5299391,0.53090125,0.53167564,0.5326283,0.53470546,0.5355116,0.53624046,0.5368293,0.5373604,0.53802246,0.5389087,0.53962916,0.5402827,0.5412218,0.54236007,0.5429435,0.54405737,0.54497737,0.54588354,0.54650474,0.5474374,0.54822975,0.54894507,0.54978794,0.55025816,0.5507353,0.5512549,0.55166125,0.55229115,0.5527986,0.5534709,0.5547464,0.55550706,0.5559894,0.55659693,0.55780137,0.55857366,0.55946815,0.5600475,0.5605506,0.56104034,0.5615834,0.56205845,0.56255317,0.56309646,0.56479126,0.56517327,0.565634,0.5662312,0.56679004,0.5679511,0.56884307,0.56963605,0.5702223,0.5708799,0.57175905,0.5725616,0.57311726,0.57386714,0.574498,0.57517785,0.57573634,0.57625407,0.576845,0.57726294,0.5778026,0.5783806,0.5789269,0.5792894,0.58011454,0.5807298,0.5812518,0.58164537,0.58212847,0.582779,0.5834834,0.58435273,0.5861156,0.58765745,0.58797747,0.5884615,0.58900344,0.59026486,0.59083164,0.5913277,0.59208095,0.59317935,0.5936737,0.59409374,0.5945428,0.59511375,0.5955114,0.5959842,0.5964477,0.59673786
0.11911633,0.16830659,0.22039865,0.25324923,0.27407616,0.28957272,0.30216488,0.3161243,0.3262428,0.33683512,0.34373137,0.3500113,0.35748178,0.36099613,0.3674547,0.3726266,0.38158098,0.38501063,0.38988173,0.3932283,0.39924172,0.403966,0.40736437,0.41146222,0.41411927,0.41670528,0.42056736,0.4260342,0.4299801,0.43258172,0.43791258,0.44025537,0.44325513,0.44499785,0.4489993,0.45106727,0.45275152,0.45416006,0.45730346,0.45902804,0.4602809,0.46176618,0.4629635,0.4670665,0.46888176,0.47062454,0.4721502,0.47362956,0.47578266,0.47736964,0.4788909,0.48084283,0.4822863,0.48543572,0.48706195,0.4881167,0.48946205,0.49062923,0.4922549,0.49374035,0.49581656,0.4971395,0.49855855,0.4998843,0.50135833,0.5020962,0.50324464,0.5044858,0.50587463,0.50676495,0.5075285,0.50917286,0.510192,0.5112954,0.5121129,0.5132891,0.51425993,0.51517123,0.5160745,0.51689136,0.5176604,0.5186349,0.52069044,0.5218136,0.52272856,0.5241156,0.5255615,0.5264035,0.5273169,0.52797514,0.52916473,0.5300511,0.5309184,0.5327028,0.53361475,0.5346226,0.53565,0.5362927,0.5372818,0.5378694,0.5385454,0.53913987,0.53988576,0.54078496,0.541756,0.542786,0.5434041,0.5443858,0.5451045,0.54609877,0.5466781,0.5473715,0.5488594,0.5494098,0.550147,0.5517303,0.5530362,0.5537153,0.55499023,0.5557975,0.5564894,0.55827403,0.5590142,0.560181,0.5606708,0.56144196,0.56193477,0.56253767,0.5631621,0.5640046,0.5646042,0.56540054,0.56610525,0.5667808,0.56742024,0.5679142,0.56867635,0.5691637,0.5698633,0.57057303,0.57106966,0.57164013,0.5723909,0.5731493,0.5740756,0.57508117,0.57561797,0.5762339,0.57710516,0.5779807,0.57934123,0.5809581,0.5814754,0.5819625,0.58253336,0.58307034,0.58423346,0.58493423,0.585892,0.5865707,0.58729327,0.58801603,0.5884921,0.5890968,0.5895288,0.59002495,0.5907753,0.59170145,0.5921636,0.5926572,0.593532,0.59428734,0.59501237,0.59551173,0.59589046,0.5965245,0.59686166,0.5973118,0.5976994,0.5989902,0.5999199,0.6005988,0.6011662,0.60176367,0.6025651,0.6036493,0.6040982,0.60467213,0.60579896,0.6061989,0.6065601,0.60722184,0.6078679,0.6085786,0.6089199,0.60930735,0.60965323,0.61041325,0.6109352,0.61144805
0.09772944,0.16446356,0.2032661,0.2298803,0.24543864,0.2619621,0.2759374,0.2880169,0.29498005,0.30630726,0.31273034,0.31833488,0.3285529,0.33818084,0.34722468,0.35133114,0.35594591,0.3593133,0.3672155,0.37015033,0.37700635,0.38024735,0.38342094,0.38769346,0.39067638,0.3934332,0.3972936,0.39954317,0.40234584,0.4054519,0.4073948,0.4091674,0.41088283,0.4154272,0.41806993,0.41988856,0.4231279,0.42569628,0.42764708,0.43000543,0.43162233,0.43319345,0.43661702,0.43918717,0.44150466,0.4426624,0.44455534,0.4470954,0.44978935,0.45229828,0.45372534,0.4555088,0.45698783,0.45830652,0.45946506,0.46131548,0.46222672,0.46361023,0.4650474,0.4662691,0.46759215,0.46874434,0.4701034,0.4710001,0.47259822,0.47479004,0.47613063,0.47731736,0.47808585,0.47881413,0.4795482,0.48074585,0.4818425,0.48353627,0.48442596,0.48614776,0.48702458,0.48857486,0.4895315,0.4905023,0.49127275,0.4922891,0.4941071,0.49496022,0.49576864,0.49640268,0.49728277,0.4988893,0.50008845,0.50104403,0.50189096,0.502528,0.50455606,0.50568825,0.5065578,0.50760317,0.5087442,0.50984603,0.5105657,0.5113972,0.5121923,0.5128142,0.51379323,0.51490843,0.51568806,0.5163251,0.5170938,0.5176596,0.51852304,0.5195591,0.52020407,0.5213241,0.5221107,0.52393574,0.52460176,0.5252513,0.5261579,0.52702564,0.5282995,0.5289641,0.5307118,0.5313152,0.53178453,0.53238356,0.5330939,0.53367436,0.53444386,0.5350471,0.5359153,0.53692615,0.5375237,0.5382368,0.53914243,0.5400811,0.54069537,0.541187,0.5418484,0.5427288,0.5434912,0.5442733,0.54478276,0.54578215,0.546912,0.54740566,0.54810613,0.5485306,0.5490455,0.5496994,0.5504017,0.5512483,0.5525392,0.55330527,0.5539207,0.5544727,0.55510134,0.5555801,0.55638736,0.556889,0.5574337,0.5579715,0.5587188,0.55952096,0.5601135,0.560581,0.56097686,0.561797,0.56245184,0.562903,0.5648461,0.56529474,0.565929,0.5666051,0.56741714,0.5678388,0.5684438,0.5689164,0.56941456,0.5699755,0.5705958,0.5711059,0.5719821,0.5727425,0.57343423,0.57380724,0.5743568,0.57496256,0.5753175,0.5760066,0.5772031,0.5784605,0.57964545,0.580226,0.5806679,0.58130383,0.581721,0.5820681,0.5829677,0.5837165,0.584211,0.5850307
0.08385191,0.13397428,0.19300562,0.21580958,0.22763589,0.24705988,0.26172087,0.2729521,0.279732,0.28862587,0.29366913,0.30182725,0.30604342,0.3108278,0.3270477,0.33045703,0.333477,0.336559,0.34212545,0.34541443,0.3475745,0.3532635,0.35620293,0.35910735,0.36210528,0.36448672,0.36671805,0.3693451,0.37288275,0.3767985,0.37831554,0.3798233,0.38202578,0.3838211,0.38549218,0.38752103,0.38938883,0.3910202,0.3949713,0.39680216,0.39843935,0.4003563,0.40171286,0.40493223,0.40619764,0.40768638,0.40990278,0.41102067,0.4120247,0.41418436,0.41611552,0.41852406,0.4201631,0.42175797,0.42321256,0.4248623,0.4265947,0.42870647,0.42982256,0.4315541,0.43241978,0.43320823,0.43405524,0.4352069,0.43640795,0.43740892,0.43895787,0.44155478,0.44312778,0.44422957,0.44522363,0.4462964,0.44749328,0.449237,0.45010096,0.45141664,0.45284608,0.45425174,0.45514408,0.45635983,0.45731953,0.45845097,0.46022034,0.46225157,0.46321347,0.46414423,0.46479657,0.46548814,0.46629724,0.46720946,0.46845925,0.46918145,0.47012803,0.47083017,0.47187376,0.47267562,0.47348142,0.47459066,0.47533047,0.4761535,0.47719398,0.4781137,0.4786653,0.4794199,0.4807192,0.48185498,0.48270595,0.48330128,0.48419726,0.48541942,0.48623246,0.48719996,0.48810437,0.4885993,0.48974624,0.49067587,0.4914408,0.49222744,0.49378276,0.49475485,0.49552187,0.4965873,0.4971307,0.49753997,0.49820024,0.49891797,0.49951756,0.50028133,0.50092036,0.5014813,0.5020485,0.50259835,0.50335306,0.50410503,0.5046009,0.50513864,0.5057899,0.5067651,0.50741845,0.5080793,0.50879234,0.50975215,0.510756,0.51237416,0.51286644,0.5139181,0.51453155,0.51599187,0.5168149,0.51770085,0.5182086,0.5189883,0.5197094,0.52015984,0.5210717,0.5214102,0.52187604,0.5227351,0.52328074,0.5239629,0.52460134,0.525127,0.5256222,0.5261223,0.5266552,0.5273734,0.5279245,0.52867484,0.5291348,0.53019387,0.5306271,0.5316938,0.5324944,0.53302574,0.5336425,0.5340716,0.53446084,0.53509396,0.5357336,0.5361817,0.5373084,0.5380514,0.53921974,0.53965646,0.54011154,0.54053,0.54127824,0.5418773,0.5421981,0.54261893,0.5432379,0.54369384,0.5444524,0.54530513,0.5457229,0.5461539,0.54714143,0.5475914,0.5490257,0.5494334
0.07396885,0.11799165,0.17442685,0.19866973,0.21056578,0.22982574,0.24356309,0.25444785,0.264038,0.2700274,0.27489504,0.28443906,0.2883384,0.2953726,0.3126536,0.31577793,0.31842107,0.3214392,0.32503346,0.32802075,0.32995415,0.33358112,0.33678272,0.33983403,0.34352684,0.3463736,0.3490821,0.35184935,0.35477704,0.35872275,0.36074704,0.36239374,0.36465544,0.36719918,0.36902064,0.3721252,0.37341246,0.37586877,0.3772836,0.37982705,0.38145748,0.38394937,0.38525188,0.3868437,0.38889432,0.39018393,0.39269528,0.39457744,0.39558676,0.39696544,0.39824232,0.39971504,0.4009496,0.4019758,0.40336168,0.40682435,0.40791658,0.40886793,0.411208,0.41367468,0.4147058,0.41570073,0.41669038,0.41805997,0.41928428,0.42043117,0.42163116,0.42323217,0.42509294,0.42680383,0.4275902,0.42932132,0.4308707,0.43244198,0.43330622,0.43416104,0.43500474,0.43636206,0.43795115,0.43918762,0.44004256,0.44074664,0.44189265,0.44255555,0.44330046,0.4440136,0.44466597,0.44542977,0.44698122,0.4476859,0.44871002,0.44925708,0.45000598,0.45106784,0.4520314,0.45379773,0.45588717,0.45704532,0.45761612,0.45855677,0.4594299,0.45998827,0.460853,0.46171528,0.4623921,0.4635362,0.4647302,0.46568608,0.46692842,0.4679227,0.46850368,0.46937764,0.4705178,0.47132093,0.4720307,0.47283491,0.47376245,0.47482696,0.47580177,0.47634944,0.4770851,0.47752142,0.478609,0.4795652,0.48017266,0.48080704,0.4813962,0.48230287,0.48309,0.4836723,0.48440877,0.48508358,0.48568678,0.48637477,0.4869636,0.48824346,0.48897034,0.49000368,0.49057537,0.4910841,0.4917666,0.49266878,0.49321473,0.49383998,0.49455026,0.49501815,0.49589473,0.49649745,0.49693114,0.49757925,0.49858734,0.4991733,0.49970818,0.5001535,0.500962,0.5016237,0.50235575,0.50272113,0.50341994,0.50392014,0.504375,0.504874,0.5053225,0.5058914,0.5068621,0.50741225,0.50818056,0.5090959,0.5099592,0.5105775,0.5112212,0.511737,0.51233584,0.5127846,0.5133352,0.5140584,0.5146714,0.51531196,0.5159038,0.5165401,0.5168837,0.5176123,0.5182604,0.5186703,0.51929706,0.52001387,0.5206279,0.52157325,0.52198464,0.52254707,0.52299273,0.5236688,0.5243477,0.5252996,0.5257007,0.5260646,0.52669036,0.527269,0.52762663,0.5285244
0.067461945,0.11309366,0.15514892,0.17729688,0.18935786,0.20318995,0.21504787,0.22551918,0.23674414,0.24170592,0.24716121,0.2515215,0.25628218,0.2648706,0.2690762,0.27434465,0.2828672,0.28825572,0.2912938,0.2941989,0.29805365,0.30116045,0.3054446,0.30753976,0.31158212,0.31811103,0.3203963,0.3235718,0.326913,0.3288571,0.33145103,0.33365878,0.3385129,0.3413995,0.34382188,0.34579977,0.34744474,0.35025194,0.35189104,0.35445157,0.3562456,0.35740757,0.35889274,0.36190414,0.36428154,0.36573723,0.36714286,0.36902016,0.37009108,0.37175903,0.37404507,0.37593415,0.3777705,0.37912917,0.38128385,0.3821804,0.3839458,0.3849699,0.38602728,0.3889958,0.39041823,0.39135584,0.39227682,0.3935202,0.39427438,0.39489272,0.39633977,0.39733553,0.3985638,0.399456,0.40072247,0.40194595,0.40323907,0.40429845,0.40500602,0.4061059,0.40704572,0.408872,0.41040993,0.41150975,0.41268048,0.41389862,0.41486332,0.41592658,0.41754878,0.41861865,0.41997504,0.42068475,0.4214832,0.4224384,0.42362657,0.4251417,0.42591557,0.42675334,0.42800727,0.42885503,0.42946732,0.43051445,0.4315438,0.43242306,0.43306187,0.4335716,0.43493253,0.43579206,0.43642762,0.43736574,0.4380514,0.43870834,0.43984675,0.44074705,0.44136438,0.44203722,0.4427598,0.44328237,0.44425836,0.44550356,0.4462628,0.44706112,0.44777465,0.4488746,0.4496038,0.45043325,0.4511033,0.45193014,0.4530072,0.45355964,0.45427015,0.4547769,0.45563477,0.45617962,0.4568163,0.45768532,0.45834416,0.4591258,0.4597258,0.46066505,0.46117508,0.46188653,0.4626925,0.46330467,0.46393248,0.46512908,0.4655958,0.46622494,0.46707395,0.46774748,0.46926093,0.46985877,0.47055006,0.47109377,0.4715302,0.47201386,0.47277033,0.4731819,0.47380286,0.47443554,0.47485054,0.47544873,0.47586,0.47644475,0.47696325,0.47759026,0.4781421,0.47871417,0.4791278,0.47952053,0.47995803,0.48072693,0.4816224,0.48236838,0.48279262,0.4837458,0.48438564,0.48494068,0.48545742,0.48593265,0.486616,0.48813745,0.48906592,0.49057057,0.49135432,0.49183097,0.4921925,0.4929251,0.49353874,0.49404866,0.49504423,0.49574152,0.49619874,0.49651912,0.497034,0.4978066,0.4983868,0.49887928,0.4996713,0.5004718,0.5009199,0.5012886,0.501586,0.5020555
0.06691244,0.11233931,0.15026079,0.17115442,0.1820181,0.19429499,0.20624433,0.21921918,0.22961289,0.23953567,0.24519472,0.25070617,0.2562537,0.26301104,0.26699272,0.27188575,0.276881,0.2825913,0.28644818,0.29275748,0.29535455,0.29871866,0.301618,0.30488518,0.30837616,0.31144914,0.31398785,0.3174396,0.32093775,0.3260285,0.3289028,0.33182877,0.33423957,0.336206,0.33801985,0.34259117,0.3448642,0.3461798,0.34810218,0.35044092,0.35358536,0.35786313,0.36077762,0.36312178,0.3648765,0.36661115,0.36838904,0.36971086,0.37151906,0.37360898,0.37507123,0.3772282,0.37831512,0.3806139,0.382693,0.38411787,0.38662568,0.3884879,0.3895655,0.39053807,0.3916507,0.39467987,0.39624047,0.39738435,0.39861122,0.3995967,0.40057775,0.40188968,0.40307537,0.40422755,0.40640947,0.4078676,0.4090907,0.40994588,0.41090277,0.4120667,0.41301605,0.41455692,0.41553053,0.41736704,0.4183066,0.41925052,0.420976,0.42203903,0.42287114,0.42380694,0.42479986,0.42546833,0.42640087,0.4273082,0.42869022,0.43002424,0.43100235,0.4321243,0.43330643,0.43411052,0.43471897,0.43562725,0.43646285,0.437444,0.4381439,0.4388824,0.4397485,0.4404647,0.4411607,0.44183666,0.44301385,0.44384363,0.44476292,0.44569704,0.44642827,0.4472626,0.44788182,0.44850695,0.44948483,0.45019153,0.45076263,0.45127007,0.45228845,0.45347738,0.45412886,0.4552397,0.45572418,0.4563837,0.457522,0.45840383,0.45959178,0.4604972,0.46148914,0.46200043,0.46301487,0.46376377,0.4643419,0.46555412,0.4663321,0.4672258,0.46818027,0.4687671,0.46970323,0.4703706,0.4709056,0.47156715,0.47270688,0.4743043,0.47480077,0.47542632,0.4760552,0.47666243,0.47728494,0.47817746,0.47877133,0.4796225,0.48049173,0.48114967,0.48170856,0.4827191,0.4833387,0.48373136,0.48432544,0.48491606,0.48551825,0.48616877,0.48673448,0.48773983,0.48852527,0.4892694,0.49002808,0.49061427,0.49164915,0.49242845,0.4930528,0.49377033,0.49445203,0.49535728,0.49616444,0.4970534,0.4977294,0.49844983,0.499076,0.4997701,0.500665,0.50123495,0.50168514,0.5027448,0.5036881,0.5042285,0.5046715,0.50525075,0.5060552,0.5067557,0.5074005,0.50770617,0.508417,0.5096276,0.5102776,0.51078933,0.5116095,0.5121252,0.51279473,0.513424
0.100779615,0.15005872,0.187787,0.21247405,0.2376548,0.25308824,0.26581493,0.28163302,0.2942015,0.30625844,0.31694746,0.3275761,0.33534852,0.34430352,0.3498967,0.3569228,0.3617253,0.36566007,0.36981288,0.37316135,0.3769751,0.38155088,0.38498172,0.38775262,0.39180467,0.39377433,0.39678678,0.39981884,0.40436932,0.40669814,0.40913305,0.41133654,0.41558123,0.41741353,0.4197381,0.42295584,0.4258776,0.42896616,0.43229485,0.43410474,0.4359278,0.43793556,0.4418356,0.4450545,0.44724727,0.4511784,0.45269623,0.45505768,0.4563458,0.45791683,0.45948237,0.46090645,0.46239114,0.46376377,0.46500513,0.4666278,0.46789408,0.46905452,0.4708267,0.47251853,0.47447732,0.47580618,0.47709563,0.47997606,0.48132634,0.48221606,0.4836208,0.48476872,0.485921,0.48924646,0.4904782,0.4920002,0.49291447,0.49428168,0.49554917,0.49626178,0.49757433,0.49845845,0.4994357,0.5002499,0.50104594,0.50194633,0.5031584,0.50393814,0.50480735,0.50566745,0.5063562,0.5069698,0.50795954,0.5088349,0.5096378,0.51065433,0.5115642,0.51231533,0.5133897,0.5142209,0.5157804,0.516628,0.5172301,0.51791227,0.51886564,0.5197391,0.5205881,0.5212416,0.5223593,0.5232053,0.5238396,0.5247286,0.5254859,0.5264469,0.52709186,0.5278738,0.52843255,0.5289497,0.5298278,0.5310489,0.5321014,0.5327527,0.533436,0.5345445,0.53550446,0.53609496,0.53733385,0.5380904,0.5386963,0.53921324,0.540019,0.5406697,0.5413986,0.54211634,0.5429287,0.54369724,0.54440707,0.54504955,0.5458485,0.5464528,0.5470944,0.5476151,0.5482393,0.5487489,0.5493954,0.54986686,0.5505063,0.5515863,0.5521182,0.5526977,0.55388343,0.55496526,0.5554467,0.5559274,0.5568456,0.5580907,0.5586787,0.5591694,0.55965173,0.56009465,0.56046826,0.56118643,0.56180567,0.5624069,0.5629706,0.5635228,0.5639372,0.5643176,0.56474084,0.56544125,0.56590927,0.5665204,0.5670386,0.56741136,0.5680133,0.5686231,0.5692973,0.569578,0.5708012,0.5712381,0.5717988,0.5724374,0.5728475,0.5735533,0.5740635,0.5745609,0.57527626,0.5758508,0.576248,0.57658994,0.57716346,0.5777415,0.57908815,0.57981795,0.5803427,0.5810481,0.58179235,0.58242583,0.5828005,0.583416,0.58374697,0.58412963,0.58498013,0.58560646
0.112740785,0.16551152,0.19941361,0.2213376,0.24449414,0.25745675,0.27120945,0.2832732,0.29694524,0.3094449,0.31796828,0.32713354,0.33637607,0.34446627,0.35031593,0.35638478,0.36039266,0.36428744,0.3684967,0.37207404,0.3753633,0.37829137,0.38127717,0.38401866,0.3874281,0.3906677,0.39301434,0.39510533,0.39703438,0.40144965,0.40441507,0.40712264,0.40952888,0.4116544,0.41425124,0.41603607,0.41874722,0.4225234,0.4249734,0.42741752,0.43097213,0.43257758,0.43615434,0.43794438,0.44373512,0.44610888,0.44744575,0.4493229,0.45077056,0.45183772,0.4531019,0.45463663,0.4563639,0.45760372,0.45867038,0.45961347,0.460761,0.46217042,0.4641804,0.4652728,0.4662458,0.46881586,0.46986374,0.47204238,0.4737133,0.4748276,0.4756826,0.47673264,0.4783151,0.47918278,0.4805449,0.4815721,0.4825755,0.4835462,0.48554143,0.48639244,0.48754096,0.48820832,0.48932415,0.49026293,0.49136528,0.49214825,0.4936064,0.49457458,0.49568295,0.49641547,0.49694917,0.49791697,0.49872252,0.49957728,0.5003108,0.5014964,0.50242937,0.503937,0.504724,0.5057284,0.50638795,0.50710624,0.50790405,0.5087729,0.5097968,0.5104758,0.51102567,0.5117855,0.5123003,0.5129305,0.5137866,0.51464653,0.51555395,0.51631236,0.5171884,0.5181662,0.51891834,0.5197286,0.52029645,0.52088654,0.5216236,0.5229386,0.524889,0.52561855,0.52614355,0.5266495,0.52760047,0.5284957,0.5293181,0.53144884,0.5322888,0.53310657,0.5335582,0.53422695,0.53486073,0.5354596,0.53599364,0.5363815,0.53689224,0.5374148,0.5381177,0.5388045,0.5393258,0.5401987,0.5412508,0.54206127,0.5427091,0.54317623,0.5437152,0.5452181,0.545606,0.5463699,0.5469365,0.5478195,0.54835683,0.54890287,0.5493492,0.55060655,0.5513773,0.5517688,0.55218416,0.5531867,0.55359775,0.55423284,0.55463475,0.555057,0.55565584,0.55630827,0.55702674,0.55757445,0.55798554,0.5585918,0.55912143,0.559741,0.5608034,0.5612453,0.5617963,0.56245995,0.56298894,0.5633631,0.5637466,0.5642396,0.5648873,0.56530774,0.5660766,0.5665036,0.56691754,0.56757486,0.56800026,0.5684386,0.56879574,0.5691714,0.5696293,0.5701264,0.5706576,0.57157326,0.5720288,0.57251775,0.57288635,0.5734074,0.5742505,0.5749406,0.5757056,0.576105
0.1221351,0.18269724,0.21220922,0.23676386,0.26027602,0.2774196,0.2909732,0.3038332,0.31737486,0.32825813,0.3371429,0.34601167,0.3522157,0.35862514,0.36702183,0.37381542,0.37770134,0.38225925,0.3878381,0.39167744,0.39478678,0.39820048,0.40198827,0.40481317,0.4069629,0.40861398,0.41254655,0.41560277,0.41826457,0.42068076,0.4230785,0.4250291,0.42732033,0.42908898,0.43101636,0.43369445,0.4385149,0.440406,0.44198275,0.44402528,0.44592083,0.44778168,0.44947353,0.4563194,0.45764887,0.45923278,0.46075833,0.4635866,0.46558198,0.46716112,0.46810964,0.4693577,0.4707654,0.47298872,0.47519436,0.4765984,0.47845736,0.47965926,0.48166296,0.48273906,0.4840599,0.48499653,0.48684153,0.48760012,0.48865488,0.48980948,0.49077067,0.49258158,0.49355122,0.4944612,0.49585477,0.49785823,0.49914685,0.5003133,0.50133854,0.50217915,0.5033798,0.50452214,0.5054747,0.5067898,0.50835246,0.5096517,0.5104066,0.5111687,0.51204413,0.51401585,0.51477104,0.51573074,0.5162512,0.5171225,0.51783437,0.5186162,0.51924956,0.5200412,0.5208102,0.52145386,0.5223307,0.52419287,0.5251103,0.5258116,0.52682626,0.52793944,0.52875346,0.52948374,0.5312749,0.5320096,0.5331395,0.53380466,0.5344916,0.5352203,0.5360903,0.5369488,0.5377507,0.5383206,0.53906983,0.53963906,0.54043674,0.5411648,0.5421489,0.5428127,0.54466623,0.5452089,0.5465576,0.54727834,0.54925066,0.5498922,0.5504158,0.5513587,0.5524076,0.5532267,0.5537542,0.5542689,0.5547468,0.55527455,0.5557467,0.55637324,0.55732346,0.55792916,0.5586298,0.55941355,0.55999756,0.5612238,0.561685,0.56236356,0.56280524,0.56320715,0.56421894,0.5648911,0.5652889,0.5660899,0.56697863,0.5673979,0.5681632,0.56862277,0.56904286,0.56954515,0.57021344,0.57091796,0.5717804,0.5722626,0.5730155,0.57354516,0.5739686,0.5744213,0.5749171,0.57558864,0.5761157,0.57665896,0.5773793,0.5778363,0.57871133,0.5794834,0.5803123,0.5807192,0.5812591,0.58200204,0.5825131,0.5828964,0.5833094,0.58370143,0.58426344,0.5847805,0.5852449,0.5857721,0.586634,0.5872766,0.5880735,0.58878154,0.5893978,0.59039605,0.5913438,0.59192157,0.59253246,0.59296495,0.5934817,0.5938466,0.59422565,0.5946436,0.595083,0.59564465
0.12432301,0.1893114,0.2139532,0.23457582,0.25337097,0.27360114,0.28599313,0.29786184,0.3090427,0.3199443,0.32957506,0.33790556,0.34481534,0.35228682,0.35596585,0.35985252,0.36541438,0.3711561,0.37524283,0.37929505,0.3848033,0.3884297,0.3918752,0.39428103,0.39653426,0.39981893,0.40364474,0.4055087,0.40835842,0.41152322,0.41377768,0.41610274,0.41826373,0.42135832,0.42294428,0.42477128,0.4275917,0.4313415,0.43411738,0.43678132,0.4398219,0.4414027,0.4427574,0.44398668,0.44735506,0.45109755,0.45290038,0.45426413,0.45521912,0.45660976,0.4593476,0.46120387,0.46205732,0.46357846,0.46590874,0.46928644,0.47034565,0.4714977,0.47346157,0.47453406,0.47542077,0.47621435,0.47884426,0.47960302,0.48033187,0.48142081,0.48241362,0.48332378,0.48416433,0.48628968,0.48708,0.487959,0.48932165,0.49010083,0.49117067,0.49262556,0.4933345,0.49408388,0.4948251,0.49608445,0.49696016,0.4977287,0.49883568,0.5000513,0.50185233,0.5026839,0.50412345,0.50487524,0.50563437,0.50621665,0.5072198,0.5082551,0.5091711,0.50979567,0.51076007,0.51136583,0.51207685,0.5135007,0.51392305,0.5148107,0.5159216,0.5172113,0.51887876,0.5198613,0.5206593,0.52145517,0.5222322,0.5231175,0.5239139,0.5254321,0.52621084,0.52711976,0.52882606,0.52974313,0.53066283,0.53117657,0.5320606,0.5337458,0.5345147,0.5356363,0.5363501,0.5370128,0.5377717,0.53868765,0.5402733,0.5410355,0.54194856,0.54262006,0.54369706,0.5442955,0.54476285,0.5458142,0.5464967,0.5470094,0.54786265,0.5499586,0.55065376,0.55169326,0.55311173,0.5538218,0.5542227,0.5551857,0.55563015,0.55644727,0.55700344,0.55744714,0.5579719,0.55876374,0.5592055,0.5596523,0.56009835,0.5606221,0.56157285,0.5621223,0.5627936,0.56382585,0.5643262,0.5649684,0.56542444,0.56618404,0.5666969,0.56710017,0.56775403,0.56822294,0.5688031,0.56961274,0.5701086,0.5709531,0.571762,0.5722343,0.5727394,0.5733396,0.5739088,0.5743779,0.5748691,0.5759099,0.57636726,0.5776325,0.5780085,0.5786089,0.5789896,0.5795218,0.5801509,0.58060277,0.5811633,0.5816395,0.58234274,0.583,0.58387566,0.5847067,0.58508915,0.5856081,0.586017,0.58637923,0.586967,0.587268,0.5876945,0.5881009,0.5885067,0.5889005
0.11722942,0.1726999,0.19772874,0.21937093,0.23806523,0.26025218,0.2739515,0.28643343,0.29787898,0.30844432,0.31938803,0.328635,0.3365462,0.34319738,0.3466317,0.35073388,0.35596222,0.36128768,0.36573675,0.37030944,0.37451747,0.37833163,0.38171172,0.38382918,0.38625738,0.39101663,0.39569357,0.39842877,0.40080595,0.40382844,0.40643927,0.40865391,0.41095626,0.41348165,0.41640663,0.41908255,0.42195714,0.42463616,0.4279437,0.43023822,0.43161264,0.43341076,0.43472844,0.4364264,0.43874878,0.44127658,0.44301978,0.44497344,0.44641858,0.4476642,0.44920295,0.45051083,0.45253882,0.45639697,0.45818514,0.45950058,0.46084058,0.46244988,0.4642866,0.46541142,0.46675825,0.46813402,0.4693802,0.4709859,0.47240385,0.4742211,0.47513112,0.47625613,0.47759113,0.47926235,0.4804012,0.4815212,0.48253402,0.4839881,0.4853492,0.4870986,0.48826858,0.48900676,0.4899864,0.4911941,0.49215665,0.4929985,0.4939417,0.49488935,0.49584222,0.49734694,0.498416,0.5000491,0.50098157,0.50181687,0.50248873,0.5035762,0.5042008,0.5051272,0.5064072,0.50739264,0.50826395,0.509151,0.51013315,0.51082283,0.51148474,0.5122985,0.5133382,0.51409674,0.51555914,0.5165903,0.5179632,0.5190864,0.5196776,0.5210557,0.52174616,0.52252173,0.52332705,0.52424634,0.5250818,0.5255418,0.52615947,0.52720326,0.52792364,0.52845,0.5292701,0.53002024,0.53060466,0.53183264,0.5325129,0.5331439,0.5349437,0.5356128,0.53625315,0.5375364,0.5380728,0.538913,0.53967595,0.5404314,0.5412341,0.5419273,0.5426275,0.5433638,0.54397935,0.54461557,0.5461588,0.5469604,0.54750365,0.548285,0.54892975,0.54979026,0.55043256,0.5511127,0.5524161,0.5531579,0.55375695,0.5543548,0.55497366,0.555639,0.55617535,0.55666214,0.55731577,0.55842423,0.55939466,0.5599597,0.5606293,0.5610991,0.56180274,0.5624244,0.56340754,0.56396294,0.5648694,0.5658791,0.5667056,0.56730735,0.567814,0.5690389,0.57069975,0.57113814,0.57177454,0.57227033,0.5731416,0.57360303,0.5740866,0.5746344,0.57525223,0.57641715,0.5771396,0.57785994,0.57923025,0.57977575,0.58044755,0.58103436,0.5814918,0.5821424,0.5830554,0.58350587,0.5842334,0.58467937,0.58504665,0.58552384,0.5860485,0.5865873,0.5870901,0.5878673
0.14067893,0.1945188,0.21882589,0.24221428,0.26309547,0.28878576,0.30381334,0.32231367,0.33403218,0.34347835,0.35866714,0.36922145,0.3770697,0.38232732,0.3854824,0.39089465,0.39765042,0.40380955,0.4068969,0.41120777,0.41455507,0.4185452,0.42163193,0.42494,0.42996,0.43339947,0.43827882,0.4407514,0.44337043,0.44700906,0.44937482,0.45147735,0.45517862,0.45723495,0.46000403,0.46227485,0.4649845,0.46720067,0.46983385,0.47173187,0.4744651,0.4767338,0.47878042,0.48220003,0.48371425,0.48600113,0.48793307,0.49023575,0.49154878,0.49379092,0.4958773,0.49709615,0.4994325,0.50059766,0.5023291,0.5036461,0.5048504,0.5061034,0.50747913,0.5088755,0.51009864,0.51132625,0.5127676,0.51447064,0.5160177,0.51736176,0.5187539,0.5198751,0.5217534,0.5228513,0.52381593,0.5249262,0.5263013,0.52779406,0.5293351,0.53032535,0.53150654,0.5336348,0.53469694,0.53562087,0.5365218,0.537378,0.53824264,0.53916276,0.5401802,0.5410123,0.5420275,0.5429693,0.5438094,0.5447709,0.54570943,0.54636383,0.54780173,0.5485208,0.5494006,0.5500973,0.55073553,0.55164266,0.5524632,0.5534796,0.55450886,0.55529207,0.5561491,0.5569676,0.5577292,0.5585076,0.5590628,0.5596919,0.56088084,0.5620962,0.5627912,0.56391776,0.564775,0.56549025,0.56622976,0.56719714,0.5677681,0.5685592,0.56933177,0.570432,0.57099193,0.57165074,0.5722426,0.57306516,0.5740502,0.5748712,0.5755956,0.57614994,0.5768772,0.57734406,0.57791734,0.57866406,0.5791284,0.5797189,0.58048344,0.58136994,0.58260804,0.58331966,0.5840331,0.5845974,0.5854351,0.5861349,0.5867746,0.58737904,0.58791244,0.58866584,0.58945197,0.5904114,0.59161377,0.5922527,0.5928485,0.5933533,0.5939939,0.5947301,0.59575546,0.5964126,0.59701604,0.5976219,0.5981261,0.59927046,0.6003499,0.6009856,0.60185665,0.6027318,0.60349214,0.60428965,0.6049473,0.6061436,0.60718685,0.60789496,0.6085856,0.60919106,0.60989666,0.6112678,0.6119269,0.6128235,0.6135831,0.6141395,0.61504054,0.615646,0.61640126,0.61688143,0.61733305,0.61843735,0.6189289,0.6193728,0.61978644,0.6202172,0.62069166,0.6212447,0.6217456,0.6223624,0.62270486,0.62314445,0.62358457,0.624163,0.6246186,0.62523,0.6258224,0.62716705
0.18539825,0.24179137,0.26784816,0.29810417,0.34042495,0.36120996,0.3785057,0.3945744,0.40542373,0.4211551,0.43180916,0.43961692,0.44939566,0.45464367,0.4581108,0.46459654,0.4709977,0.4786862,0.4835017,0.48840308,0.4929979,0.49720433,0.5003529,0.5058077,0.5118192,0.51506275,0.5197908,0.5235115,0.5269915,0.53032047,0.5321163,0.5347217,0.537771,0.53995144,0.5420709,0.5440215,0.5463466,0.54833376,0.5499712,0.5518045,0.55559605,0.55784696,0.5599268,0.5629378,0.56506824,0.5670985,0.5687087,0.5709819,0.57359684,0.5752676,0.5769465,0.5786735,0.58069515,0.58230364,0.5836821,0.5852026,0.5865456,0.58939666,0.59065866,0.5919272,0.5933439,0.594409,0.5954169,0.59698534,0.59820485,0.599448,0.60047424,0.6018092,0.603277,0.6046186,0.60596585,0.6069652,0.6078759,0.6096341,0.61084956,0.6120903,0.6129115,0.6145605,0.6155924,0.61649686,0.6175033,0.61856896,0.61964667,0.620441,0.621768,0.6229087,0.6236881,0.6245952,0.62524474,0.62612295,0.6268504,0.6274901,0.6282628,0.62890047,0.62970465,0.6308944,0.631673,0.6324997,0.6335976,0.6343356,0.63483655,0.6354957,0.63621926,0.6370027,0.6376305,0.63857454,0.6391875,0.63981557,0.64052,0.64146006,0.6426039,0.64321595,0.6439124,0.64465714,0.6453836,0.6464302,0.6470831,0.6476728,0.6481887,0.64891195,0.6495725,0.6506159,0.6510406,0.65178496,0.65236735,0.6533446,0.65389514,0.6546824,0.65540075,0.65612787,0.65691155,0.65775967,0.6582784,0.6592207,0.6600437,0.6608684,0.6613908,0.66198707,0.6626529,0.6632546,0.66370636,0.66435385,0.66496116,0.66544783,0.66612625,0.6665325,0.6670345,0.667539,0.6680329,0.6689328,0.66944915,0.6699147,0.67056966,0.6711386,0.6717773,0.67224765,0.6728492,0.67440087,0.6751859,0.67566127,0.67624,0.67659795,0.67717177,0.67782086,0.6785252,0.679092,0.67947847,0.6799312,0.6804135,0.68084836,0.68128926,0.68206674,0.68260205,0.6831646,0.6836902,0.6841695,0.6846001,0.6849096,0.685593,0.6861169,0.68653804,0.68708634,0.687536,0.6882038,0.6886577,0.6891714,0.68977994,0.690151,0.69067127,0.6910935,0.6915328,0.6918641,0.6923676,0.6927556,0.6931423,0.6936867,0.6942867,0.6946834,0.6950604,0.6956282
0.19827107,0.24587272,0.27555105,0.30357814,0.35698494,0.37250602,0.3892079,0.40418574,0.41105083,0.42403778,0.4397609,0.44930026,0.45888722,0.46598515,0.46923977,0.474652,0.48264298,0.49035642,0.49537286,0.5010288,0.50496817,0.50878453,0.5132139,0.51759946,0.5223337,0.52622235,0.5296073,0.5341476,0.5376243,0.5411264,0.5436497,0.5469343,0.5493088,0.5520118,0.5541579,0.55721164,0.5594666,0.56213206,0.56398433,0.5667017,0.57129097,0.57370484,0.5763331,0.5787012,0.5808241,0.5842374,0.5863599,0.58757067,0.58905166,0.5909529,0.5925386,0.5956154,0.59744203,0.598966,0.6003938,0.6020765,0.60322535,0.60472965,0.6061467,0.6072405,0.60810506,0.6094656,0.61082906,0.61218786,0.61376935,0.61480397,0.6159722,0.61700547,0.6184834,0.6193937,0.6208368,0.62167984,0.622599,0.6237273,0.62503064,0.6262432,0.6270195,0.6285616,0.6296291,0.630773,0.6320461,0.6327199,0.63383806,0.6346618,0.63581157,0.6366944,0.6373308,0.63837355,0.6392834,0.64000833,0.64072824,0.64139724,0.642355,0.64400566,0.6446712,0.6455834,0.6467366,0.6474967,0.6481686,0.6490949,0.65000373,0.6508027,0.65146244,0.652979,0.65362525,0.65426457,0.65502965,0.6558667,0.6566254,0.6572139,0.65813756,0.6587028,0.65925044,0.66019076,0.6611192,0.66169614,0.66268337,0.66318357,0.66412663,0.664881,0.6654133,0.6667924,0.66767913,0.6682321,0.66893166,0.669406,0.66991365,0.67034775,0.6712415,0.6718152,0.6727679,0.6733184,0.6739404,0.67454624,0.6749614,0.67597467,0.67667127,0.677397,0.6779933,0.6785313,0.67913276,0.67984974,0.6803902,0.6812579,0.6816708,0.6822627,0.6828308,0.6832887,0.68385667,0.68443674,0.6849542,0.68549573,0.6863444,0.68677634,0.68733567,0.6878577,0.68842864,0.68890804,0.6894226,0.6899387,0.6909486,0.69128025,0.69202983,0.6924379,0.69288605,0.69334614,0.6938527,0.69434124,0.69472784,0.69519943,0.69570506,0.69637465,0.69763935,0.6980373,0.69837356,0.69881666,0.6992812,0.6997571,0.70009506,0.7004751,0.7010327,0.7014266,0.7020198,0.7024116,0.70324194,0.7038,0.704256,0.70474225,0.7051757,0.7056719,0.70610654,0.7067099,0.70702773,0.70742035,0.70835346,0.70897824,0.70933396,0.7101495,0.71067965,0.7110922
0.20163031,0.24344608,0.2803091,0.30877626,0.36316603,0.3788275,0.39128545,0.40612236,0.41301304,0.4275543,0.44012132,0.45104802,0.4597402,0.46818984,0.47253653,0.47919068,0.4856376,0.49128634,0.4965838,0.50260997,0.5076888,0.5110745,0.5144557,0.51894903,0.5233483,0.52618057,0.53015894,0.5353698,0.5389934,0.5419234,0.5452748,0.5485892,0.5504418,0.5525178,0.5550655,0.55777526,0.5608625,0.56346375,0.56582147,0.5678415,0.5693303,0.57346964,0.5756485,0.57761633,0.5793819,0.58159,0.58391994,0.58559436,0.5880157,0.5899239,0.59132457,0.5928937,0.5944344,0.59640044,0.5979417,0.59916,0.60068643,0.60229766,0.60349375,0.6060622,0.6073187,0.6083833,0.60979056,0.6109737,0.6121952,0.6131551,0.61437076,0.6154146,0.61712813,0.6183824,0.6196582,0.6205843,0.62178946,0.6230398,0.623962,0.6250906,0.62591493,0.6271706,0.62905043,0.63019055,0.63114536,0.63230085,0.6332773,0.6342528,0.6355645,0.63631123,0.6373643,0.6387431,0.63974744,0.64038444,0.6413422,0.6422272,0.6430772,0.6440785,0.6449297,0.64566076,0.6464138,0.64712393,0.64840615,0.6493369,0.65029466,0.6509955,0.6518297,0.6533109,0.6540329,0.65492976,0.65578556,0.6565555,0.6574079,0.6580512,0.6587299,0.6595831,0.66044205,0.6612168,0.661925,0.66311,0.66381264,0.6644485,0.66545445,0.66596913,0.66665727,0.6673119,0.66827554,0.6694846,0.67027813,0.67118233,0.67224574,0.6733234,0.67399776,0.674522,0.6754362,0.67602605,0.6765189,0.677156,0.67771757,0.67862403,0.6793387,0.6805481,0.6810937,0.681607,0.68222815,0.6827401,0.6833461,0.68400073,0.68463963,0.6850958,0.68588114,0.6865776,0.6872923,0.68782204,0.68841326,0.6889474,0.68943375,0.690019,0.6905837,0.69110405,0.69169724,0.6922466,0.69268006,0.6932721,0.6938023,0.694372,0.6949332,0.69532925,0.6958501,0.6964934,0.69697,0.6975479,0.6979783,0.6984136,0.69901615,0.6995512,0.7000334,0.7006242,0.7010323,0.70171696,0.7021852,0.7026054,0.7030212,0.70353127,0.7041967,0.70461875,0.70510954,0.70567685,0.7061244,0.7070819,0.70753515,0.7079374,0.70857424,0.7089913,0.709336,0.70968753,0.7100779,0.7105887,0.7109462,0.71137923,0.7119526,0.712397,0.712831,0.7133461
0.19536066,0.23498166,0.28049624,0.3065679,0.36462048,0.38019985,0.39405063,0.40750432,0.41469434,0.4283658,0.44252053,0.4533991,0.46274066,0.47145823,0.4752741,0.48146954,0.4873413,0.49163735,0.49683177,0.50346583,0.50745785,0.51088315,0.5147556,0.518104,0.52225757,0.5259569,0.52948374,0.53275496,0.5369685,0.5411818,0.5446127,0.54682416,0.54849124,0.55022955,0.55293566,0.5553112,0.5578372,0.5598075,0.5624766,0.5650799,0.5673988,0.5691612,0.57086277,0.5725162,0.574581,0.5768713,0.5785767,0.58225065,0.5842839,0.5862617,0.58912235,0.5904271,0.5917067,0.5936891,0.59514356,0.59634537,0.59927106,0.60063475,0.60174876,0.60317457,0.6051995,0.6062764,0.60761845,0.6088316,0.61012715,0.6114758,0.6125419,0.6141388,0.61531425,0.616425,0.617911,0.6191011,0.6199789,0.6207828,0.62168205,0.62281954,0.6239156,0.6254594,0.62652296,0.6275389,0.6286481,0.6297034,0.6304638,0.6313081,0.6322528,0.63313276,0.6338863,0.6346844,0.63556254,0.63668877,0.63805974,0.6388994,0.63985956,0.6406668,0.6417106,0.6435392,0.6442726,0.64510274,0.64613295,0.6470867,0.6485726,0.64923954,0.6501376,0.6509984,0.6520172,0.65286505,0.6541597,0.65477073,0.6555112,0.6563061,0.6569299,0.65760654,0.6584141,0.65907276,0.6611998,0.6619974,0.6626826,0.66325366,0.66387796,0.6651606,0.6657089,0.6663065,0.6668884,0.667445,0.66824734,0.6692429,0.6697647,0.670731,0.67116845,0.67171204,0.672399,0.67315567,0.67386794,0.67465556,0.6752245,0.6760311,0.6765674,0.67735904,0.6779991,0.67855203,0.67940754,0.6799489,0.6807066,0.6812991,0.6817665,0.6823247,0.6829515,0.68348944,0.6840373,0.68446064,0.685052,0.68559265,0.6861262,0.6868449,0.6872229,0.68778414,0.68840194,0.6891107,0.68953073,0.69003546,0.69050467,0.6910112,0.6915552,0.6924236,0.6931272,0.6935945,0.69421107,0.69497204,0.69533587,0.6958653,0.6963132,0.6966698,0.69745994,0.69785357,0.6985502,0.6990427,0.6995885,0.7001104,0.7005926,0.7010504,0.701715,0.70220333,0.7027172,0.70339614,0.7038911,0.705268,0.70565534,0.7064608,0.7069333,0.7073886,0.7077925,0.7084235,0.7090543,0.70949364,0.7098337,0.71018976,0.71086735,0.71140724,0.711866,0.7125443
0.1896265,0.22544165,0.27699724,0.31484362,0.3552338,0.3737451,0.386367,0.405216,0.4169153,0.43246353,0.44573987,0.45704323,0.46438608,0.4725697,0.4778173,0.48426366,0.48975906,0.49586764,0.50130975,0.509867,0.5136459,0.5177714,0.52228737,0.5259971,0.5300528,0.5342048,0.5383289,0.5420919,0.54594463,0.54907185,0.551989,0.5576135,0.56000924,0.5634621,0.56539613,0.5692414,0.5710486,0.57420504,0.5769438,0.5803876,0.58190197,0.58391523,0.58604395,0.58833194,0.5900097,0.5917751,0.5941318,0.5958514,0.59716713,0.5990758,0.6010002,0.6024993,0.6040007,0.6059203,0.6076563,0.6115881,0.6133033,0.6144894,0.6157511,0.61730397,0.61887205,0.6202207,0.6214637,0.6228976,0.62433845,0.625864,0.6269875,0.628219,0.6298734,0.63090384,0.63212335,0.63311845,0.6345149,0.6355413,0.6371163,0.6383924,0.6392417,0.64069074,0.6418377,0.64302206,0.6440389,0.64675665,0.6475548,0.6488174,0.64999133,0.65086967,0.6519922,0.6531638,0.654406,0.655078,0.6565086,0.6575196,0.65902805,0.6603433,0.6611531,0.6620447,0.66358817,0.6641612,0.6654357,0.6663152,0.66721684,0.66812533,0.66909486,0.66994035,0.67126036,0.67222154,0.67334664,0.6742499,0.6749139,0.67563134,0.67642546,0.67731625,0.6780016,0.6786807,0.6794215,0.6802458,0.68092453,0.68176866,0.6825335,0.6834981,0.68431634,0.68506676,0.68558997,0.6861793,0.6869069,0.6876349,0.6882979,0.6889962,0.6897521,0.69059104,0.6911658,0.6917708,0.69274855,0.69345444,0.69413126,0.6947101,0.6953185,0.6958211,0.6966191,0.69710004,0.6977736,0.69834656,0.69900453,0.6997678,0.700283,0.7009437,0.7017923,0.7023293,0.70304126,0.7037449,0.7042917,0.70481676,0.7053285,0.705804,0.7063091,0.70682883,0.70749354,0.7079112,0.7083907,0.7093883,0.70981437,0.71029264,0.71095634,0.71145445,0.7120583,0.7132451,0.7137895,0.71430767,0.7148631,0.7152283,0.7156679,0.7160346,0.71657145,0.7171198,0.7179574,0.7188548,0.7193515,0.71976393,0.72062594,0.7212281,0.721791,0.72214925,0.72251457,0.72323436,0.7237231,0.7240906,0.7254096,0.72572637,0.72616446,0.7266391,0.7272397,0.72762835,0.7280829,0.72846663,0.7288305,0.7292682,0.7298861,0.7303457,0.73081785,0.7314724
0.19310214,0.22623497,0.28253448,0.30236885,0.3467843,0.37440208,0.38839868,0.4063786,0.4251377,0.43663186,0.4531479,0.46412998,0.47397467,0.48111916,0.487274,0.4952297,0.5012045,0.50680643,0.5125538,0.5183731,0.52302694,0.52780396,0.5321897,0.5364332,0.5396323,0.54442847,0.5478711,0.551544,0.55536884,0.5586528,0.561767,0.5648577,0.56786406,0.5717787,0.574586,0.57655984,0.57897604,0.583124,0.5864421,0.58930546,0.5915386,0.5929919,0.5955419,0.59751123,0.59949225,0.60138434,0.60363656,0.6051509,0.6068396,0.6094387,0.6110354,0.61244273,0.61418366,0.6154504,0.61707085,0.61948454,0.6226013,0.62392426,0.6256687,0.62706393,0.62883294,0.6300127,0.6314743,0.63270354,0.6341134,0.6356879,0.63678557,0.63822806,0.6392508,0.6403453,0.6416179,0.642895,0.644282,0.6452677,0.64646935,0.6480362,0.64898366,0.65012187,0.6524405,0.65331304,0.65517676,0.65593636,0.6568555,0.657618,0.65904915,0.6598391,0.66095763,0.661665,0.66277957,0.66369087,0.66492575,0.66574854,0.6671176,0.6687289,0.67005616,0.67079365,0.67196864,0.6729626,0.6745413,0.67534596,0.6765393,0.67755836,0.6787026,0.6795704,0.6803515,0.6816321,0.6828037,0.6835254,0.6841542,0.6849091,0.6855393,0.6862558,0.6867587,0.6880018,0.68857014,0.68918765,0.6899435,0.6905303,0.69143325,0.6920874,0.693406,0.6941093,0.69492036,0.6955356,0.6962966,0.6973589,0.6981259,0.6986291,0.6992027,0.6998655,0.7006544,0.7013706,0.7024777,0.70315975,0.7037888,0.7043348,0.7049044,0.70561177,0.7060939,0.7066731,0.70722544,0.70788133,0.7085451,0.70967495,0.7102732,0.71083266,0.71133095,0.71202314,0.71248406,0.71303725,0.7136298,0.7141209,0.71477056,0.71524745,0.7157431,0.7164193,0.7169456,0.71756786,0.718096,0.71855426,0.7191862,0.7196834,0.720139,0.72066694,0.7212253,0.7218771,0.72245836,0.7231386,0.723537,0.724028,0.72443795,0.7251289,0.72564715,0.7263892,0.72690433,0.7272229,0.72777474,0.72821206,0.7286479,0.7292907,0.7296356,0.7300328,0.7305197,0.7312268,0.7315994,0.73252386,0.7329674,0.73357606,0.7341395,0.73455817,0.7349914,0.7353998,0.735905,0.7365511,0.73709995,0.7375388,0.7380199,0.7384972,0.73884046,0.73919994
0.18735906,0.2137697,0.25338158,0.2888249,0.34433964,0.37276867,0.39232418,0.41266552,0.42965752,0.44330743,0.46295264,0.47412726,0.48277935,0.49256787,0.49970487,0.5097298,0.5208138,0.52582073,0.5327563,0.53762734,0.5426494,0.5485334,0.5545321,0.5581934,0.56298417,0.5680275,0.57193476,0.5755747,0.5790046,0.5825589,0.5859381,0.58973616,0.59203863,0.59419125,0.59773195,0.60029054,0.6024669,0.604376,0.6071925,0.6096887,0.61225075,0.61624855,0.6183988,0.62089133,0.62249,0.62454545,0.62624776,0.6286585,0.6301583,0.63173974,0.6341214,0.6360475,0.6374987,0.6391405,0.640471,0.6422427,0.64357334,0.6449927,0.64729726,0.6502519,0.65210503,0.6537585,0.65522647,0.6565779,0.6576753,0.6587044,0.6611211,0.66278464,0.66399866,0.66508895,0.6661895,0.66724473,0.6680833,0.66908383,0.6698237,0.6723051,0.6734694,0.6748871,0.67568344,0.6768024,0.67765903,0.6783689,0.679209,0.68020046,0.6811603,0.68283135,0.6839141,0.6847896,0.6859028,0.6866959,0.6878054,0.6885475,0.6893403,0.69043195,0.6912316,0.6919627,0.6928729,0.6934951,0.6941594,0.6948797,0.69564533,0.696504,0.6981033,0.69879675,0.69942415,0.7000375,0.7008684,0.70184827,0.70250046,0.7033132,0.70390296,0.70453715,0.7053048,0.7064065,0.70722604,0.70788217,0.7096677,0.7101468,0.71090096,0.711692,0.71215063,0.7130028,0.7137729,0.7143291,0.7148845,0.7159871,0.71662,0.7172912,0.7177155,0.71842486,0.7189318,0.7194225,0.72016996,0.7208276,0.72131443,0.7217219,0.7222362,0.72293967,0.72353125,0.7240293,0.7244923,0.7252019,0.72592056,0.72653854,0.727038,0.7276563,0.7281355,0.7286882,0.72916967,0.72980565,0.73025256,0.7306873,0.73112607,0.73180807,0.7330313,0.7335744,0.73425716,0.73512715,0.7356402,0.7362128,0.7367343,0.73710924,0.7375682,0.7379599,0.7382759,0.73865676,0.73905313,0.73969036,0.7401417,0.7406659,0.74135333,0.7416949,0.7422366,0.74271864,0.74310607,0.74413216,0.7445669,0.74498177,0.74543595,0.7459408,0.7463359,0.7467504,0.74712944,0.74774545,0.7481768,0.74864143,0.74904007,0.7493872,0.74975187,0.75010186,0.7506608,0.7510102,0.7515418,0.75193185,0.7522683,0.75294644,0.75338185,0.7539064,0.7543185,0.75466335
0.19299339,0.21865949,0.25986004,0.29553893,0.34508607,0.3775469,0.39800367,0.4195638,0.434624,0.44860736,0.46490517,0.47624004,0.48612425,0.49518335,0.50284255,0.5114208,0.5209334,0.5276991,0.53352433,0.5389082,0.5429833,0.54750556,0.55216306,0.5572021,0.56111014,0.56706476,0.57045686,0.5735792,0.5769638,0.58132285,0.58421034,0.58761775,0.59039325,0.59311354,0.5955898,0.5977141,0.59955275,0.60473293,0.6078222,0.6119504,0.6142217,0.6162303,0.61800694,0.6195952,0.62109435,0.6235317,0.625138,0.62695324,0.6285031,0.63030565,0.63245016,0.6342368,0.6369996,0.638443,0.63968605,0.64142716,0.6438154,0.64558697,0.64698446,0.64849365,0.64976764,0.6511218,0.65291303,0.6543049,0.65536755,0.65644044,0.65789104,0.65961444,0.6611028,0.66227955,0.6634362,0.6645567,0.665379,0.66647863,0.6674602,0.6684661,0.66993344,0.67130405,0.67288536,0.6738391,0.67460907,0.67558736,0.6763567,0.67714435,0.67804545,0.6788979,0.67985743,0.68061966,0.6813643,0.68193424,0.6825735,0.68432873,0.6848842,0.68559676,0.68629515,0.6870738,0.6877457,0.6885904,0.6891766,0.689856,0.6911499,0.6918941,0.69253224,0.6931013,0.69364226,0.69407827,0.69507635,0.6955872,0.6963813,0.6969705,0.69762427,0.69846433,0.6991524,0.69963586,0.700357,0.7014466,0.70204145,0.7028383,0.7034045,0.7040222,0.7047972,0.7053455,0.70587075,0.7067041,0.7076708,0.7080808,0.7090139,0.7099427,0.71036875,0.7114241,0.71202743,0.7124994,0.7133469,0.7140504,0.7147408,0.71514696,0.7156558,0.71626,0.71676517,0.71762407,0.7182076,0.71869403,0.7194695,0.71992004,0.7205671,0.7211501,0.7217202,0.72245777,0.7228882,0.7234107,0.72376066,0.7241373,0.72550726,0.72593844,0.72654283,0.7271051,0.7275411,0.7281821,0.7285862,0.7289927,0.7294226,0.72983736,0.7303758,0.7308813,0.73119074,0.7316466,0.73205906,0.73246616,0.7328138,0.7332679,0.733887,0.73431563,0.7349432,0.7364805,0.736846,0.73734117,0.7378627,0.7384052,0.739111,0.7398101,0.7402011,0.7405521,0.7409661,0.7413213,0.7417348,0.7420241,0.7425774,0.74302256,0.7433387,0.74376976,0.74433666,0.74475193,0.7451759,0.7455512,0.7459248,0.74633706,0.74662906,0.74699265,0.74762595,0.74821335
0.1771016,0.2069717,0.24425392,0.28279376,0.33351716,0.36472085,0.38668853,0.40464628,0.41961834,0.43322596,0.44724193,0.46108836,0.46979088,0.47753572,0.48584858,0.49297547,0.49893975,0.50681037,0.5133948,0.518711,0.52359784,0.5265694,0.5306046,0.5353994,0.5394646,0.5443591,0.54768306,0.5513942,0.5555323,0.5585297,0.5621834,0.56509745,0.5674825,0.5702916,0.57380456,0.5769826,0.57963234,0.5820761,0.5846673,0.5865249,0.5885919,0.59365875,0.5952315,0.597002,0.598745,0.6000914,0.60220957,0.60413224,0.6061749,0.60780334,0.6092795,0.61269325,0.6145929,0.61592364,0.6170567,0.6185629,0.6214975,0.62272614,0.62513983,0.6263716,0.6279885,0.6291861,0.63087153,0.6322211,0.6334862,0.63449335,0.6358941,0.6368738,0.6378918,0.6389534,0.6398593,0.64058644,0.64130163,0.64279896,0.64411414,0.64592713,0.6470775,0.6477771,0.6486334,0.64941347,0.6503595,0.65214944,0.65315527,0.6540343,0.65487057,0.6556894,0.65639395,0.6574838,0.6584588,0.6591858,0.6599325,0.66101116,0.6617267,0.66280705,0.66356903,0.6646143,0.6655277,0.6662898,0.66702783,0.66768396,0.6684916,0.6690292,0.6701124,0.67085,0.67157775,0.67228675,0.67281544,0.67376834,0.6743768,0.6750796,0.6757871,0.6767287,0.6775223,0.67810404,0.67866975,0.6792926,0.679861,0.68046737,0.68106765,0.6817267,0.6824814,0.6830839,0.68395334,0.68476474,0.6853702,0.68711287,0.6876582,0.68823504,0.6888322,0.6893875,0.68990016,0.69055945,0.6909761,0.69151735,0.692072,0.6927301,0.69337696,0.6939579,0.6943306,0.69478095,0.69527686,0.6957574,0.6965307,0.69713247,0.69755495,0.69807017,0.6990601,0.6997531,0.70049894,0.7014454,0.7019532,0.70229566,0.7027747,0.7031478,0.70359886,0.7039655,0.70452064,0.70495224,0.70552355,0.70592993,0.7065358,0.70701474,0.7074331,0.70793325,0.7082965,0.7089459,0.70928115,0.71000046,0.71060574,0.71093524,0.7115558,0.7120511,0.71264714,0.71297294,0.713654,0.71434414,0.7146168,0.7150628,0.71558154,0.7158642,0.7162464,0.71665967,0.717338,0.71779954,0.71810836,0.7184478,0.71891624,0.7200959,0.7205809,0.7212306,0.7220411,0.7225337,0.723359,0.72393066,0.7243791,0.7247612,0.7251212,0.7255706,0.7259967,0.7263674
0.15901265,0.1974945,0.22503778,0.2651649,0.30956444,0.34176427,0.3628557,0.3801077,0.39413112,0.40723732,0.41918272,0.43178025,0.4395057,0.4479736,0.45611224,0.46252534,0.4685662,0.47469348,0.48017603,0.48770225,0.49417433,0.49721763,0.50144416,0.505493,0.5098398,0.5127885,0.5203973,0.52337813,0.52631444,0.52907234,0.53337,0.5363164,0.53918314,0.542166,0.54512,0.54715973,0.5506027,0.5528594,0.5549837,0.55746627,0.5629208,0.5646742,0.5671514,0.5690419,0.57059276,0.5721512,0.57359517,0.5762546,0.5780432,0.5794555,0.58121675,0.5834108,0.58515453,0.58676857,0.58805436,0.59061205,0.591621,0.5947965,0.59590673,0.59793484,0.59937936,0.600313,0.60157365,0.6034524,0.6049823,0.6060508,0.6082297,0.6096368,0.6105776,0.6118611,0.6128412,0.6136709,0.61482984,0.61596483,0.61690074,0.6181708,0.6189206,0.6198841,0.62194026,0.62277985,0.6236338,0.6243733,0.6256333,0.6264769,0.6272522,0.62808305,0.6289662,0.62972397,0.63038653,0.6315487,0.6325002,0.6331528,0.63384384,0.6351311,0.6361139,0.63699555,0.6377773,0.6385477,0.6391124,0.640251,0.64108926,0.6415847,0.6425495,0.64321905,0.64445686,0.64520204,0.64590424,0.646542,0.64711046,0.64773005,0.6483634,0.64927375,0.6499031,0.65042245,0.65182275,0.652584,0.65320796,0.6538118,0.65441364,0.6550045,0.6556208,0.6563503,0.6570977,0.65750575,0.658186,0.6598891,0.6603312,0.66172665,0.66240615,0.663022,0.6642463,0.6647426,0.6656062,0.6662212,0.6668465,0.667569,0.6682633,0.66889715,0.669511,0.67023915,0.67076933,0.67133,0.6719678,0.67242503,0.6730781,0.6736601,0.67416376,0.67506343,0.67562175,0.67618304,0.67680585,0.6776183,0.6785839,0.67905533,0.67972565,0.68047774,0.6810305,0.681461,0.6818713,0.6822529,0.6827506,0.6837698,0.68434787,0.6847965,0.6852266,0.6856023,0.6863347,0.6868456,0.68731976,0.6876786,0.68806094,0.6884977,0.68879956,0.6893508,0.68993783,0.6905542,0.69108206,0.6915236,0.69223446,0.6926747,0.6934815,0.6939187,0.69435984,0.69487154,0.69528913,0.6958037,0.69617003,0.6965037,0.6969231,0.6974673,0.6985234,0.6989394,0.6994312,0.6998524,0.70028096,0.7008119,0.7014964,0.70198745,0.70234966,0.7028632
0.14794217,0.19081236,0.21438678,0.25185663,0.28777993,0.30880648,0.33901304,0.3544502,0.36693084,0.37923262,0.38947657,0.40133148,0.40819818,0.4160955,0.42389378,0.4282225,0.43385437,0.44133988,0.44718155,0.45230153,0.45907792,0.4633765,0.46702865,0.47049293,0.47583866,0.47889903,0.48556486,0.4884367,0.4908832,0.49396342,0.49665877,0.49961632,0.5027367,0.5048763,0.5086735,0.5113469,0.51393515,0.5162052,0.51864713,0.52043813,0.52197504,0.5244851,0.52915215,0.5307351,0.5327529,0.53540605,0.5371407,0.5381665,0.54178005,0.5433316,0.5449584,0.5465508,0.5480592,0.5499839,0.5547364,0.5558994,0.55826473,0.5603484,0.56231,0.5640207,0.5650447,0.566117,0.56771255,0.56865364,0.5695865,0.57066494,0.5716545,0.57370186,0.574622,0.5755079,0.5762888,0.5773176,0.57906085,0.58023715,0.5811803,0.58303154,0.58385265,0.58481234,0.5864176,0.58735603,0.58813626,0.58941734,0.59053814,0.591651,0.5923842,0.5931768,0.5938649,0.5951167,0.5959424,0.59662044,0.597526,0.5986491,0.59945905,0.6002039,0.60094446,0.60158575,0.602218,0.60302615,0.60394603,0.60479486,0.60548264,0.6064135,0.6072541,0.6083427,0.6091151,0.6106341,0.6112797,0.61181605,0.61244375,0.6131884,0.61385113,0.6148595,0.61698234,0.61769265,0.61833614,0.61973786,0.6208089,0.6214062,0.62235963,0.62314034,0.62413514,0.6250582,0.6258547,0.6264786,0.62766325,0.62819266,0.62872463,0.62943166,0.6302115,0.63098836,0.63171685,0.63243204,0.63364697,0.63416517,0.6347651,0.6353686,0.6361176,0.6367147,0.63733274,0.63812315,0.63874155,0.6392327,0.63960075,0.6401355,0.64094275,0.6417312,0.64279723,0.6434481,0.6441573,0.6448974,0.6454585,0.6461283,0.64661956,0.64713883,0.6476116,0.64851415,0.6490325,0.64951694,0.6501484,0.6504871,0.65101707,0.6517222,0.65232146,0.65410835,0.65480727,0.6551333,0.65564877,0.6561259,0.6566203,0.6574333,0.65781677,0.65835965,0.65881974,0.6592464,0.6597275,0.6601247,0.66064626,0.6612651,0.66164666,0.66197807,0.6624704,0.6629426,0.663417,0.6637773,0.6641711,0.66458744,0.66512054,0.66546935,0.66578335,0.66613954,0.66655076,0.6671638,0.6676337,0.6681557,0.6685852,0.6692386,0.66988766,0.67046934,0.6710923,0.6715623
0.14454775,0.18517163,0.2056671,0.24175876,0.27109846,0.2906506,0.31705588,0.33142444,0.3421449,0.35375088,0.3636933,0.3730933,0.3795796,0.38787422,0.39496422,0.40093246,0.40683666,0.41203612,0.41703296,0.42330068,0.42724705,0.43050122,0.43485963,0.4396435,0.44336691,0.4471266,0.4510537,0.45422333,0.4565763,0.45891163,0.4613339,0.46362737,0.46692798,0.47196895,0.4741107,0.4764406,0.47850996,0.48044637,0.4847443,0.4866264,0.48831588,0.49086496,0.49417907,0.49581707,0.49754134,0.50143546,0.5031918,0.50518125,0.5070447,0.508224,0.50978607,0.5115101,0.5138693,0.5156933,0.517937,0.52036566,0.5216183,0.5242645,0.5261741,0.5275383,0.5292295,0.5310824,0.53275317,0.53383064,0.5347613,0.53566384,0.5368788,0.5379533,0.5395075,0.54043245,0.54156417,0.5429372,0.54374576,0.5446681,0.5458569,0.5467748,0.5479899,0.54898316,0.55010146,0.55126786,0.5527286,0.5544049,0.5553949,0.5560955,0.5579689,0.5587348,0.5593797,0.5600063,0.56197137,0.56276006,0.5636619,0.56434226,0.5653931,0.5662363,0.5669357,0.56794024,0.56881917,0.57019746,0.5712449,0.572644,0.5736331,0.5750503,0.57627195,0.5769865,0.57758844,0.578496,0.5796113,0.5801655,0.58083063,0.5814063,0.58192354,0.58267075,0.5832233,0.58377457,0.584386,0.58494806,0.58574307,0.58660865,0.58761346,0.58826214,0.5891759,0.5902405,0.5914279,0.59236157,0.59319127,0.59373236,0.594798,0.59617734,0.5969985,0.5977251,0.598091,0.59887296,0.5995705,0.60046595,0.60198444,0.60249376,0.6030692,0.60427773,0.6053548,0.6058824,0.6064746,0.60716254,0.60787934,0.6085391,0.6094141,0.6102472,0.6106599,0.611567,0.61220056,0.6128193,0.6137219,0.61418235,0.6155167,0.6164427,0.61721784,0.61788553,0.61834425,0.6187885,0.62016106,0.6207539,0.6213513,0.6217572,0.62231785,0.62300086,0.6233806,0.6240216,0.6244955,0.6250536,0.62555224,0.6260996,0.626423,0.62686634,0.627657,0.62804586,0.62866324,0.6293581,0.6300347,0.63072765,0.6311211,0.6317573,0.6321208,0.63250166,0.63299996,0.63332474,0.6339887,0.6343513,0.63522756,0.6358867,0.63649875,0.63686395,0.637609,0.63811123,0.63871914,0.6392076,0.64005905,0.6406466,0.64114225,0.64219284,0.6424977,0.6431533
0.13917617,0.1787619,0.20174986,0.2343961,0.25858665,0.27557632,0.29947516,0.3124321,0.32222366,0.3322705,0.34109375,0.348391,0.3560633,0.36399382,0.3703339,0.37751856,0.38126603,0.3861799,0.39082175,0.39603254,0.39944682,0.40408233,0.40849957,0.4112068,0.4135435,0.42017445,0.422925,0.42543212,0.42778197,0.43006295,0.432294,0.4358663,0.43818521,0.44425207,0.44933823,0.45131496,0.4540718,0.45583105,0.45809463,0.4598541,0.46150288,0.4640056,0.4663096,0.46907955,0.47034785,0.47528234,0.47885865,0.48071277,0.48194125,0.4835961,0.48591724,0.4874327,0.4891995,0.4902484,0.49164924,0.49324858,0.49447492,0.4984388,0.49960485,0.5005082,0.5017399,0.5029125,0.50524896,0.5072044,0.50941455,0.51057345,0.51203084,0.5131438,0.5138042,0.51508546,0.5165026,0.5172343,0.5188212,0.5201602,0.52154964,0.5230159,0.52360237,0.52447486,0.5253665,0.52666026,0.52803034,0.52933365,0.53127795,0.5320155,0.5328095,0.53434855,0.5351365,0.53629637,0.53706175,0.5378705,0.538715,0.53974736,0.54092985,0.5417579,0.542978,0.54377306,0.54447097,0.5452928,0.5466097,0.5479247,0.5486573,0.54954296,0.5502383,0.5509323,0.5523698,0.55327237,0.5538392,0.55442965,0.55513453,0.55586,0.55649585,0.5575562,0.5580939,0.558612,0.5604739,0.56137973,0.5621365,0.5628548,0.5635393,0.5642857,0.56472707,0.565242,0.56584543,0.56688976,0.5677952,0.5690515,0.569847,0.5701704,0.5707482,0.57164407,0.5722055,0.5727436,0.57420653,0.5749785,0.5756354,0.57613,0.5768129,0.5774772,0.57834446,0.57893425,0.57960975,0.58060515,0.58134776,0.58261186,0.58306134,0.5838254,0.5846382,0.5852611,0.58616287,0.5871027,0.58769476,0.589811,0.5902602,0.59107196,0.5919348,0.59257996,0.5933985,0.5937668,0.59413415,0.594934,0.5960055,0.5968712,0.5972869,0.59799373,0.5986716,0.59905344,0.59952384,0.6000116,0.6008582,0.60177433,0.60228497,0.6027489,0.6034587,0.6038524,0.6045606,0.60531,0.60591125,0.60646784,0.6067338,0.6070763,0.6077254,0.60813504,0.60867643,0.6090785,0.60991836,0.61025244,0.61131704,0.61173475,0.6123583,0.6128348,0.61338687,0.61464036,0.6151982,0.6155292,0.6158763,0.6167215,0.6171031,0.6176231,0.6181025,0.6187015
0.12389393,0.16159616,0.18598649,0.21735433,0.23731744,0.25432813,0.27581912,0.28796986,0.29831636,0.30793402,0.3157412,0.32250756,0.32915688,0.33621916,0.34220785,0.3489096,0.3522597,0.35634723,0.360555,0.36607948,0.36926153,0.37173685,0.37541285,0.38012356,0.38259485,0.3869238,0.38913935,0.39214996,0.39376566,0.39556557,0.39817217,0.4032756,0.40605,0.4093311,0.41686666,0.4201592,0.4232298,0.42524177,0.42666575,0.42861912,0.43017262,0.43148178,0.43436155,0.43555105,0.43752447,0.44286844,0.44583955,0.44738165,0.44900283,0.45121908,0.45269343,0.4549604,0.45619103,0.4573358,0.4584688,0.46053186,0.46181998,0.4630377,0.46382472,0.46510273,0.46639693,0.4674574,0.47000512,0.47109896,0.47263056,0.47501191,0.47662827,0.47791636,0.4787164,0.47984657,0.48146755,0.48281926,0.4837619,0.48452017,0.48615524,0.4872094,0.48840305,0.4901788,0.4910323,0.49189672,0.49261487,0.49331588,0.49406433,0.49582902,0.49725083,0.49826548,0.49954483,0.5002972,0.5013235,0.5021703,0.5029816,0.5043487,0.50546676,0.5062397,0.5070486,0.5079081,0.5087017,0.5093147,0.50999224,0.5111146,0.51259214,0.51330256,0.51447815,0.5153449,0.5160807,0.51714617,0.51790065,0.5191927,0.5198967,0.5204851,0.52115333,0.52212095,0.52277905,0.52358806,0.5243544,0.5257709,0.52647233,0.52736014,0.5279535,0.52866346,0.5291553,0.5296448,0.53073984,0.53142613,0.53190804,0.5331132,0.53361833,0.5342944,0.5348476,0.53544706,0.5373631,0.5379855,0.5385227,0.53947407,0.5402724,0.54130983,0.5419508,0.5425711,0.5435702,0.5443056,0.5449563,0.54576266,0.54654056,0.5469423,0.547536,0.548157,0.5486748,0.54928535,0.54971874,0.55043995,0.5511025,0.5527285,0.55339795,0.5540251,0.55494744,0.5554401,0.5559898,0.55631155,0.5577692,0.55853075,0.5594131,0.5600314,0.5604055,0.5609621,0.5617024,0.56231445,0.56300896,0.56428,0.5648771,0.56552094,0.5661198,0.5670766,0.56768775,0.568372,0.5688784,0.56935054,0.57029504,0.5725948,0.5731158,0.5735123,0.57389426,0.5744429,0.5750216,0.57536936,0.57630557,0.5768257,0.57751423,0.57811075,0.57844615,0.5789535,0.57934546,0.5797242,0.5801673,0.58063394,0.581392,0.58234185,0.58288103,0.5833406,0.58388495,0.58433664
0.10793698,0.15223195,0.1731331,0.2009567,0.22115132,0.23638889,0.25741738,0.26930323,0.2791764,0.2871923,0.2940567,0.30023763,0.30574417,0.3122599,0.31706643,0.32241285,0.32582504,0.33045042,0.3338253,0.3383906,0.34238407,0.3462831,0.35032797,0.35288537,0.35529363,0.35867867,0.36135745,0.36376476,0.36546126,0.3708062,0.37283695,0.37592062,0.37857738,0.38151768,0.39011708,0.39204794,0.39591172,0.39746606,0.3990582,0.40038326,0.40294576,0.40414426,0.40583295,0.40720758,0.40903926,0.41462833,0.41664258,0.41842663,0.41963798,0.4208729,0.42333695,0.4253704,0.42700905,0.42792264,0.429057,0.4304493,0.43208414,0.4331273,0.4342371,0.4354239,0.43661478,0.4379865,0.439829,0.4416919,0.4433241,0.44421846,0.44617888,0.4470653,0.44839248,0.4493524,0.4512827,0.4524279,0.45356658,0.4547911,0.4557381,0.45738173,0.45840347,0.4594786,0.4602784,0.46131808,0.46296045,0.4645259,0.46549422,0.46624562,0.46715787,0.46836206,0.46933508,0.47002572,0.47080636,0.47143972,0.47210738,0.4728109,0.47364148,0.4747038,0.47620365,0.47693574,0.47821787,0.47909024,0.47988975,0.48062864,0.48165697,0.4833512,0.4842986,0.4862052,0.48696837,0.48773324,0.48842484,0.48974895,0.4904089,0.49121255,0.49176005,0.4924902,0.49363592,0.4943432,0.49495873,0.49582142,0.49682906,0.49757427,0.4983301,0.49877378,0.49976406,0.5003075,0.50091803,0.5017097,0.5027217,0.5032523,0.5042157,0.5052755,0.5059227,0.5070536,0.5077582,0.50856197,0.5090954,0.5100667,0.51084787,0.5114911,0.51221246,0.51294976,0.513925,0.51453865,0.51586515,0.51670355,0.51714003,0.5176808,0.5183388,0.5189639,0.51967317,0.5201377,0.5211621,0.52164876,0.5220828,0.5227692,0.52348435,0.52421933,0.5247222,0.5251727,0.52558976,0.52654827,0.52797866,0.5290163,0.52970916,0.5304789,0.53177345,0.53267664,0.5332146,0.5336592,0.5345239,0.5350728,0.53571916,0.5362898,0.53683907,0.53721166,0.5375577,0.53810734,0.5389054,0.5393637,0.5406176,0.5412716,0.54163665,0.5423136,0.5427596,0.5431581,0.5436671,0.54435,0.5446939,0.54522467,0.54572296,0.54636157,0.54693234,0.547457,0.5478462,0.5482369,0.5486413,0.5503749,0.5508413,0.5517349,0.55309033,0.55477834,0.5554351,0.55571693
0.1009042,0.14300531,0.16219984,0.18569435,0.20468818,0.21776542,0.23693913,0.2483413,0.2583239,0.2651539,0.2713041,0.2779608,0.2821262,0.28856307,0.2931901,0.29681394,0.29995963,0.30481407,0.3088907,0.31140476,0.31409216,0.319728,0.32268763,0.32611445,0.33108523,0.3331796,0.33647543,0.33873847,0.34049574,0.34532586,0.351119,0.35315764,0.35506734,0.35882393,0.3640979,0.366178,0.3680164,0.37262183,0.37345752,0.37471893,0.37614265,0.37827778,0.37987703,0.38302237,0.385304,0.3870111,0.38831335,0.3914061,0.3929982,0.39400735,0.39624313,0.39891148,0.40123293,0.40229303,0.40336442,0.4044981,0.4057985,0.40718308,0.4083221,0.40934825,0.41065553,0.41170806,0.41299802,0.41375858,0.41556492,0.4185161,0.42072728,0.4215483,0.4228978,0.4241965,0.42497092,0.42591769,0.4290254,0.4298155,0.4314936,0.4324311,0.43406764,0.43505475,0.43559524,0.43663952,0.43900293,0.4401657,0.44107834,0.44238606,0.44298503,0.44368857,0.44479796,0.4463818,0.44699574,0.44791427,0.44891417,0.44951478,0.45045534,0.45133007,0.45416328,0.45515633,0.45610562,0.4582484,0.45905477,0.4595911,0.4605042,0.4615711,0.4623449,0.46348417,0.46437755,0.46515325,0.46598488,0.4673787,0.4679164,0.4683182,0.46916863,0.4697267,0.47046846,0.47222012,0.4727161,0.47367355,0.47425395,0.47489232,0.47596514,0.47659668,0.47743014,0.47797295,0.47923917,0.47984555,0.48035988,0.4811946,0.48183143,0.48237252,0.4833296,0.48393124,0.48441488,0.48520577,0.48587623,0.48663267,0.48739377,0.48823896,0.49044475,0.49190086,0.4925793,0.49309212,0.49376994,0.49430233,0.4949161,0.49543607,0.4965091,0.49705857,0.4995044,0.5003477,0.50094885,0.50137556,0.50190717,0.5028236,0.5034955,0.50430745,0.50500655,0.50579756,0.5064622,0.506972,0.50768673,0.50820285,0.5086737,0.5096884,0.5103486,0.51112616,0.5125503,0.5130742,0.51371986,0.5142467,0.51487684,0.51551384,0.516167,0.5167209,0.5173646,0.5177489,0.5185822,0.5190006,0.5194245,0.51985335,0.52037555,0.5207316,0.52136266,0.5222001,0.5225931,0.52302486,0.523653,0.52426434,0.52471054,0.5251767,0.5255801,0.52626735,0.52670455,0.5273574,0.5277773,0.5284389,0.5287971,0.52918386,0.52983844,0.5302002,0.53076565,0.5315375
0.08951435,0.13236284,0.14508045,0.17021254,0.19173767,0.2044526,0.22227308,0.23262104,0.24215029,0.24823487,0.253609,0.26011047,0.2645555,0.2699215,0.275233,0.27899802,0.28228295,0.28583473,0.28844234,0.29602644,0.30846837,0.3114708,0.3150799,0.31738007,0.3199058,0.32263628,0.3250492,0.32866004,0.33097336,0.33428097,0.3409298,0.34250024,0.34458113,0.34708112,0.35147843,0.35386187,0.355933,0.3581298,0.3634905,0.36494595,0.36677822,0.3687647,0.37274772,0.37413257,0.37546134,0.37890974,0.38039342,0.38229555,0.3834416,0.3845991,0.38588738,0.38726604,0.38895306,0.3905737,0.3932266,0.39472756,0.3960232,0.39718086,0.3982613,0.4000618,0.40126866,0.40260336,0.40440428,0.40657628,0.40749675,0.40836155,0.41004723,0.411963,0.41301364,0.41515404,0.4168682,0.41769797,0.4193617,0.42118883,0.4238321,0.4251791,0.42616537,0.4273058,0.4279427,0.42890984,0.4298523,0.43106493,0.43201783,0.4329867,0.4337899,0.43475243,0.43562374,0.4381941,0.43904004,0.43965632,0.44073582,0.44246048,0.44370696,0.44507653,0.44633126,0.44712934,0.44809243,0.44880515,0.4506183,0.45121458,0.4517472,0.45306832,0.45368215,0.4552096,0.45643565,0.45710436,0.45796144,0.45894098,0.45965254,0.46037355,0.46110693,0.4619403,0.46255782,0.46322343,0.46412757,0.46573237,0.46666,0.46721718,0.467879,0.46843925,0.46919852,0.46986678,0.47056815,0.47122794,0.4719426,0.47265637,0.47316006,0.47354454,0.474612,0.47549823,0.4764094,0.47728777,0.47780135,0.47832352,0.4790514,0.4798499,0.4805207,0.48143202,0.48240295,0.48386365,0.4844153,0.48492834,0.48556146,0.48616058,0.48696062,0.48749855,0.48804784,0.48853713,0.4908802,0.4916831,0.49212345,0.49266642,0.49330544,0.49398273,0.49463058,0.49498877,0.49544972,0.4958751,0.49691537,0.49776012,0.49809477,0.49847203,0.4990305,0.49958444,0.5001417,0.5016143,0.50212175,0.50281906,0.5033815,0.50553983,0.5067377,0.50727284,0.5077473,0.5083559,0.509001,0.50953823,0.5100737,0.5105278,0.5109498,0.5115376,0.5120904,0.5126363,0.5130664,0.5135893,0.5142001,0.5148196,0.51526093,0.51569825,0.51619714,0.5171117,0.5175049,0.5189153,0.51961255,0.5199575,0.520378,0.5210311,0.5213564,0.5218099,0.522193,0.52294946
0.0723847,0.11192793,0.1328255,0.16293895,0.19610551,0.21156634,0.22710839,0.2416645,0.2541365,0.26116398,0.26837707,0.27617046,0.28681877,0.29220945,0.29867342,0.3039923,0.31019947,0.31782866,0.32128653,0.3282991,0.3314531,0.3363878,0.34039202,0.34389356,0.35031566,0.35195273,0.3545494,0.3595593,0.36182,0.36647248,0.37005422,0.37273383,0.37597334,0.37860528,0.38038114,0.38283083,0.3848584,0.38824695,0.39027596,0.39189225,0.3945506,0.3970982,0.40102497,0.40488282,0.40694457,0.4129104,0.41726932,0.41981587,0.42172942,0.42380553,0.42489275,0.42661515,0.42794922,0.4290152,0.4306303,0.43308464,0.4343959,0.43537545,0.43672606,0.43796375,0.4404556,0.44575155,0.4467215,0.44768494,0.44942716,0.4508764,0.45294833,0.45700264,0.45973063,0.4621383,0.4632554,0.46410468,0.4652009,0.47033,0.47138804,0.4736228,0.47463766,0.47568104,0.4773238,0.47854948,0.47960028,0.48041436,0.48151717,0.48273984,0.4836237,0.48432636,0.48505533,0.4878503,0.48853216,0.4894742,0.4900323,0.4906889,0.4916569,0.49274713,0.49351054,0.49454778,0.49588364,0.49706286,0.49760312,0.498634,0.4993389,0.4999921,0.5009754,0.50196254,0.50274545,0.50349444,0.50430703,0.505185,0.5063298,0.50710833,0.5078467,0.5090515,0.5097423,0.51062673,0.51162905,0.5129548,0.5136847,0.5143839,0.51609904,0.5166912,0.5173086,0.51790977,0.51864034,0.5193716,0.52009434,0.5206678,0.5213123,0.5219139,0.522556,0.5231059,0.5235451,0.5251713,0.5258041,0.5264887,0.52701294,0.5277208,0.52811617,0.5289285,0.52965593,0.5311742,0.5318107,0.5323692,0.53306645,0.53368956,0.5350984,0.53550655,0.5361951,0.5367725,0.53745407,0.5379359,0.5384073,0.5388581,0.539505,0.54042065,0.5411488,0.5417446,0.5422958,0.542961,0.54360324,0.54425406,0.5447651,0.545274,0.5457495,0.54624504,0.54665047,0.5473541,0.54784083,0.5488076,0.54951185,0.5501708,0.55104434,0.5519561,0.55272233,0.5533068,0.55388004,0.554315,0.55495155,0.55568385,0.5561537,0.5566243,0.557275,0.5577673,0.5586899,0.55921066,0.56029296,0.56092536,0.5613056,0.56183475,0.5622361,0.5627627,0.5636127,0.56403244,0.5644363,0.5649336,0.5657572,0.5661314,0.5666346,0.56718737,0.56788605,0.56833
